session_id,date,time,gym_id,gym_name,machine_id,equipment_type,duration_min,avg_rpm,power_w,energy_kwh,users,calories_burned,co2_avoided_kg,machine_status
EG0361,2026-09-01,06:00,GYM02,Chonburi Active,STEP05,เครื่อง Stepper,22,57.2,88.9,0.033,2,261,0.015,ปกติ
EG0470,2026-09-01,06:45,GYM03,Bangkok Fit Lab,ROW01,เครื่องพาย,50,83.1,142.2,0.118,1,460,0.053,ปกติ
EG0692,2026-09-01,09:15,GYM02,Chonburi Active,TREAD06,ลู่วิ่ง,22,53.2,82.3,0.03,2,326,0.014,ปกติ
EG0568,2026-09-01,09:30,GYM02,Chonburi Active,BIKE06,จักรยานปั่น,48,59.7,75.9,0.061,1,414,0.027,ปกติ
EG0649,2026-09-01,09:30,GYM03,Bangkok Fit Lab,ROW08,เครื่องพาย,21,52.2,84.1,0.029,2,256,0.013,ปกติ
EG0097,2026-09-01,10:00,GYM02,Chonburi Active,BIKE01,จักรยานปั่น,23,61.2,72.9,0.028,2,326,0.013,ปกติ
EG0209,2026-09-01,10:00,GYM01,Burapha Fitness,BIKE06,จักรยานปั่น,34,60.3,66.0,0.037,2,712,0.017,ปกติ
EG0739,2026-09-01,10:00,GYM02,Chonburi Active,TREAD10,ลู่วิ่ง,56,47.7,78.8,0.074,2,710,0.033,ปกติ
EG0231,2026-09-01,10:15,GYM03,Bangkok Fit Lab,STEP09,เครื่อง Stepper,56,58.4,75.5,0.07,2,799,0.032,ปกติ
EG0481,2026-09-01,10:45,GYM02,Chonburi Active,ROW01,เครื่องพาย,38,57.3,94.8,0.06,2,630,0.027,ต้องตรวจสอบ
EG0751,2026-09-01,10:45,GYM01,Burapha Fitness,ELLIP03,เครื่อง Elliptical,29,84.3,133.1,0.064,1,242,0.029,ปกติ
EG0157,2026-09-01,11:45,GYM02,Chonburi Active,BIKE03,จักรยานปั่น,60,43.5,54.7,0.055,1,573,0.025,ปกติ
EG0750,2026-09-01,11:45,GYM02,Chonburi Active,BIKE06,จักรยานปั่น,56,74.8,83.2,0.078,1,474,0.035,ต้องตรวจสอบ
EG0777,2026-09-01,12:00,GYM01,Burapha Fitness,ELLIP01,เครื่อง Elliptical,39,53.9,82.8,0.054,1,316,0.024,ปกติ
EG0078,2026-09-01,12:30,GYM01,Burapha Fitness,ELLIP09,เครื่อง Elliptical,36,66.1,90.5,0.054,1,241,0.024,ปกติ
EG0030,2026-09-01,12:45,GYM01,Burapha Fitness,ROW09,เครื่องพาย,24,47.0,73.5,0.029,2,440,0.013,ปกติ
EG0249,2026-09-01,14:15,GYM03,Bangkok Fit Lab,STEP06,เครื่อง Stepper,37,54.1,75.6,0.047,1,313,0.021,ปกติ
EG0525,2026-09-01,14:45,GYM03,Bangkok Fit Lab,TREAD09,ลู่วิ่ง,49,63.6,108.3,0.088,1,366,0.04,ปกติ
EG0315,2026-09-01,15:15,GYM03,Bangkok Fit Lab,TREAD04,ลู่วิ่ง,31,62.8,117.6,0.061,2,560,0.027,ปกติ
EG0931,2026-09-01,15:30,GYM01,Burapha Fitness,ELLIP01,เครื่อง Elliptical,53,81.8,119.7,0.106,2,814,0.048,ปกติ
EG0543,2026-09-01,16:00,GYM01,Burapha Fitness,ELLIP03,เครื่อง Elliptical,46,60.3,87.8,0.067,1,282,0.03,ปกติ
EG0292,2026-09-01,16:45,GYM01,Burapha Fitness,BIKE03,จักรยานปั่น,38,54.8,66.5,0.042,2,475,0.019,ปกติ
EG0639,2026-09-01,16:45,GYM01,Burapha Fitness,STEP01,เครื่อง Stepper,22,39.7,56.7,0.021,1,157,0.009,ปกติ
EG0331,2026-09-01,17:15,GYM02,Chonburi Active,ELLIP02,เครื่อง Elliptical,46,54.6,84.0,0.064,1,434,0.029,ปกติ
EG0425,2026-09-01,17:30,GYM01,Burapha Fitness,STEP01,เครื่อง Stepper,50,58.4,77.3,0.064,1,434,0.029,ต้องตรวจสอบ
EG0602,2026-09-01,17:45,GYM01,Burapha Fitness,TREAD01,ลู่วิ่ง,29,63.0,118.9,0.057,2,363,0.026,ปกติ
EG0861,2026-09-01,18:00,GYM03,Bangkok Fit Lab,ROW06,เครื่องพาย,27,71.2,127.3,0.057,1,206,0.026,ปกติ
EG0211,2026-09-01,18:15,GYM02,Chonburi Active,TREAD06,ลู่วิ่ง,49,69.2,113.8,0.093,2,970,0.042,ปกติ
EG0069,2026-09-01,18:45,GYM01,Burapha Fitness,TREAD10,ลู่วิ่ง,16,44.5,69.7,0.019,1,158,0.009,ปกติ
EG0963,2026-09-01,19:00,GYM01,Burapha Fitness,ROW08,เครื่องพาย,22,56.9,97.6,0.036,1,168,0.016,ปกติ
EG0615,2026-09-01,21:00,GYM03,Bangkok Fit Lab,TREAD04,ลู่วิ่ง,26,87.8,149.8,0.065,1,237,0.029,ปกติ
EG0150,2026-09-02,06:00,GYM01,Burapha Fitness,STEP10,เครื่อง Stepper,17,81.6,105.6,0.03,1,160,0.014,ปกติ
EG0296,2026-09-02,06:15,GYM02,Chonburi Active,BIKE10,จักรยานปั่น,47,70.1,74.6,0.058,2,726,0.026,ปกติ
EG0838,2026-09-02,06:30,GYM02,Chonburi Active,TREAD08,ลู่วิ่ง,29,55.7,100.1,0.048,2,534,0.022,ปกติ
EG0989,2026-09-02,07:00,GYM01,Burapha Fitness,TREAD05,ลู่วิ่ง,38,59.4,93.8,0.059,1,339,0.027,ปกติ
EG0096,2026-09-02,08:15,GYM02,Chonburi Active,BIKE01,จักรยานปั่น,50,58.6,68.5,0.057,1,361,0.026,ปกติ
EG0238,2026-09-02,08:30,GYM01,Burapha Fitness,TREAD10,ลู่วิ่ง,20,80.3,142.3,0.047,2,206,0.021,ปกติ
EG0722,2026-09-02,09:30,GYM01,Burapha Fitness,BIKE06,จักรยานปั่น,42,82.9,113.2,0.079,1,348,0.036,ต้องตรวจสอบ
EG0656,2026-09-02,10:00,GYM01,Burapha Fitness,STEP02,เครื่อง Stepper,49,45.8,66.8,0.055,2,997,0.025,ปกติ
EG0479,2026-09-02,10:15,GYM03,Bangkok Fit Lab,ROW05,เครื่องพาย,37,56.7,92.6,0.057,2,409,0.026,ปกติ
EG0742,2026-09-02,10:45,GYM01,Burapha Fitness,ROW07,เครื่องพาย,36,66.1,101.1,0.061,2,515,0.027,ปกติ
EG0868,2026-09-02,10:45,GYM01,Burapha Fitness,BIKE01,จักรยานปั่น,57,60.9,73.3,0.07,2,926,0.032,ปกติ
EG0660,2026-09-02,11:15,GYM02,Chonburi Active,TREAD01,ลู่วิ่ง,31,65.5,104.9,0.054,1,223,0.024,ปกติ
EG0320,2026-09-02,11:30,GYM01,Burapha Fitness,BIKE09,จักรยานปั่น,17,60.1,67.3,0.019,1,114,0.009,ปกติ
EG0101,2026-09-02,11:45,GYM01,Burapha Fitness,BIKE06,จักรยานปั่น,46,30.0,43.7,0.034,1,370,0.015,ปกติ
EG0105,2026-09-02,12:30,GYM03,Bangkok Fit Lab,STEP08,เครื่อง Stepper,31,47.2,68.3,0.035,2,548,0.016,ปกติ
EG0685,2026-09-02,13:30,GYM03,Bangkok Fit Lab,BIKE02,จักรยานปั่น,46,56.2,72.0,0.055,1,377,0.025,ปกติ
EG0272,2026-09-02,14:00,GYM03,Bangkok Fit Lab,STEP08,เครื่อง Stepper,36,81.6,97.8,0.059,1,303,0.027,ปกติ
EG0083,2026-09-02,16:30,GYM01,Burapha Fitness,TREAD05,ลู่วิ่ง,44,66.7,107.0,0.078,1,308,0.035,ปกติ
EG0847,2026-09-02,16:45,GYM01,Burapha Fitness,BIKE05,จักรยานปั่น,22,71.7,69.9,0.026,2,352,0.012,ปกติ
EG0279,2026-09-02,17:00,GYM03,Bangkok Fit Lab,BIKE04,จักรยานปั่น,28,65.9,84.0,0.039,1,221,0.018,ปกติ
EG0368,2026-09-02,17:15,GYM03,Bangkok Fit Lab,STEP10,เครื่อง Stepper,42,42.5,58.5,0.041,1,264,0.018,ปกติ
EG0443,2026-09-02,17:45,GYM02,Chonburi Active,ELLIP10,เครื่อง Elliptical,24,52.0,79.0,0.032,2,328,0.014,ปกติ
EG0636,2026-09-02,18:15,GYM02,Chonburi Active,BIKE05,จักรยานปั่น,57,54.9,77.5,0.074,1,378,0.033,ปกติ
EG0198,2026-09-02,18:30,GYM03,Bangkok Fit Lab,STEP03,เครื่อง Stepper,52,50.3,71.7,0.062,2,596,0.028,ปกติ
EG0678,2026-09-02,18:30,GYM02,Chonburi Active,TREAD06,ลู่วิ่ง,21,54.1,96.9,0.034,1,166,0.015,ปกติ
EG0253,2026-09-02,18:45,GYM03,Bangkok Fit Lab,BIKE02,จักรยานปั่น,36,48.2,56.1,0.034,2,470,0.015,ปกติ
EG0092,2026-09-02,19:00,GYM03,Bangkok Fit Lab,ELLIP06,เครื่อง Elliptical,50,52.5,77.5,0.065,1,371,0.029,ปกติ
EG0896,2026-09-02,19:00,GYM01,Burapha Fitness,ROW08,เครื่องพาย,28,59.6,95.2,0.044,2,428,0.02,ต้องตรวจสอบ
EG0107,2026-09-02,19:15,GYM02,Chonburi Active,TREAD01,ลู่วิ่ง,41,64.8,105.6,0.072,1,409,0.032,ปกติ
EG0319,2026-09-02,20:00,GYM01,Burapha Fitness,BIKE04,จักรยานปั่น,40,48.5,57.7,0.038,2,706,0.017,ปกติ
EG0771,2026-09-02,20:45,GYM01,Burapha Fitness,TREAD02,ลู่วิ่ง,21,56.7,90.7,0.032,2,357,0.014,ปกติ
EG0519,2026-09-02,21:30,GYM03,Bangkok Fit Lab,BIKE01,จักรยานปั่น,41,60.1,78.1,0.053,2,744,0.024,ปกติ
EG0521,2026-09-02,21:30,GYM02,Chonburi Active,BIKE03,จักรยานปั่น,24,45.5,58.2,0.023,2,373,0.01,ปกติ
EG0321,2026-09-03,06:00,GYM02,Chonburi Active,BIKE07,จักรยานปั่น,21,71.8,91.3,0.032,2,328,0.014,ปกติ
EG0003,2026-09-03,06:45,GYM03,Bangkok Fit Lab,STEP04,เครื่อง Stepper,33,69.3,90.3,0.05,2,552,0.023,ปกติ
EG0154,2026-09-03,07:30,GYM02,Chonburi Active,ELLIP04,เครื่อง Elliptical,41,40.9,53.7,0.037,1,437,0.017,ปกติ
EG0397,2026-09-03,07:30,GYM03,Bangkok Fit Lab,TREAD10,ลู่วิ่ง,29,69.8,135.7,0.066,1,209,0.03,ปกติ
EG0551,2026-09-03,07:45,GYM02,Chonburi Active,STEP03,เครื่อง Stepper,24,58.8,81.7,0.033,2,328,0.015,ปกติ
EG0723,2026-09-03,07:45,GYM01,Burapha Fitness,TREAD10,ลู่วิ่ง,60,67.5,105.2,0.105,2,966,0.047,ปกติ
EG0673,2026-09-03,08:00,GYM01,Burapha Fitness,STEP01,เครื่อง Stepper,43,72.1,94.6,0.068,1,247,0.031,ปกติ
EG0712,2026-09-03,08:30,GYM02,Chonburi Active,BIKE01,จักรยานปั่น,18,50.1,60.8,0.018,2,339,0.008,ปกติ
EG0954,2026-09-03,08:30,GYM03,Bangkok Fit Lab,ROW10,เครื่องพาย,60,41.1,54.1,0.054,2,1207,0.024,ปกติ
EG0516,2026-09-03,09:15,GYM01,Burapha Fitness,BIKE06,จักรยานปั่น,26,89.5,104.9,0.045,2,522,0.02,ปกติ
EG0335,2026-09-03,09:30,GYM01,Burapha Fitness,STEP07,เครื่อง Stepper,42,40.6,54.0,0.038,2,618,0.017,ปกติ
EG0760,2026-09-03,09:30,GYM03,Bangkok Fit Lab,ELLIP05,เครื่อง Elliptical,40,52.0,70.5,0.047,1,248,0.021,ปกติ
EG0122,2026-09-03,10:45,GYM03,Bangkok Fit Lab,STEP04,เครื่อง Stepper,55,40.3,64.7,0.059,1,510,0.027,ปกติ
EG0355,2026-09-03,11:15,GYM01,Burapha Fitness,TREAD10,ลู่วิ่ง,60,69.7,106.1,0.106,2,1261,0.048,ปกติ
EG0865,2026-09-03,11:45,GYM02,Chonburi Active,STEP05,เครื่อง Stepper,44,73.7,100.8,0.074,2,705,0.033,ปกติ
EG0992,2026-09-03,12:15,GYM02,Chonburi Active,BIKE10,จักรยานปั่น,41,62.1,85.6,0.058,1,299,0.026,ปกติ
EG0248,2026-09-03,12:45,GYM03,Bangkok Fit Lab,BIKE05,จักรยานปั่น,26,54.5,65.8,0.029,1,223,0.013,ปกติ
EG0690,2026-09-03,12:45,GYM01,Burapha Fitness,ROW10,เครื่องพาย,51,90.4,121.7,0.103,1,413,0.046,ปกติ
EG0998,2026-09-03,12:45,GYM01,Burapha Fitness,BIKE09,จักรยานปั่น,58,65.0,83.2,0.08,1,599,0.036,ปกติ
EG0203,2026-09-03,13:00,GYM01,Burapha Fitness,BIKE01,จักรยานปั่น,24,64.1,83.1,0.033,1,150,0.015,ปกติ
EG0160,2026-09-03,13:15,GYM03,Bangkok Fit Lab,BIKE08,จักรยานปั่น,23,75.4,85.2,0.033,2,334,0.015,ปกติ
EG0468,2026-09-03,13:15,GYM03,Bangkok Fit Lab,TREAD07,ลู่วิ่ง,27,54.5,94.3,0.042,2,410,0.019,ปกติ
EG0258,2026-09-03,14:45,GYM02,Chonburi Active,TREAD01,ลู่วิ่ง,27,51.5,81.4,0.037,2,503,0.017,ปกติ
EG0343,2026-09-03,15:15,GYM01,Burapha Fitness,STEP10,เครื่อง Stepper,55,57.7,77.5,0.071,1,413,0.032,ปกติ
EG0201,2026-09-03,16:30,GYM02,Chonburi Active,ROW04,เครื่องพาย,43,72.3,131.6,0.094,1,318,0.042,ปกติ
EG0432,2026-09-03,16:30,GYM03,Bangkok Fit Lab,TREAD02,ลู่วิ่ง,27,74.9,126.1,0.057,2,409,0.026,ปกติ
EG0548,2026-09-03,16:45,GYM02,Chonburi Active,ELLIP08,เครื่อง Elliptical,30,61.6,91.0,0.046,2,511,0.021,ปกติ
EG0967,2026-09-03,16:45,GYM03,Bangkok Fit Lab,BIKE08,จักรยานปั่น,52,58.3,73.0,0.063,2,970,0.028,ปกติ
EG0281,2026-09-03,17:30,GYM03,Bangkok Fit Lab,ELLIP08,เครื่อง Elliptical,50,54.5,87.3,0.073,2,675,0.033,ปกติ
EG0477,2026-09-03,18:15,GYM01,Burapha Fitness,ROW08,เครื่องพาย,18,58.2,79.7,0.024,1,138,0.011,ปกติ
EG0724,2026-09-03,18:30,GYM03,Bangkok Fit Lab,BIKE09,จักรยานปั่น,46,82.2,97.5,0.075,1,349,0.034,ปกติ
EG0294,2026-09-03,18:45,GYM02,Chonburi Active,ELLIP04,เครื่อง Elliptical,57,69.4,103.5,0.098,2,1003,0.044,ปกติ
EG0314,2026-09-03,19:00,GYM03,Bangkok Fit Lab,ROW06,เครื่องพาย,40,30.0,59.2,0.039,1,287,0.018,ปกติ
EG0458,2026-09-03,19:00,GYM02,Chonburi Active,ELLIP03,เครื่อง Elliptical,52,80.5,118.9,0.103,1,311,0.046,ปกติ
EG0787,2026-09-03,19:45,GYM02,Chonburi Active,ELLIP09,เครื่อง Elliptical,40,79.3,114.4,0.076,1,334,0.034,ปกติ
EG0814,2026-09-03,19:45,GYM03,Bangkok Fit Lab,BIKE04,จักรยานปั่น,49,57.1,65.7,0.054,1,425,0.024,ปกติ
EG0981,2026-09-03,19:45,GYM01,Burapha Fitness,BIKE02,จักรยานปั่น,56,78.0,111.2,0.104,1,393,0.047,ปกติ
EG0377,2026-09-03,20:45,GYM03,Bangkok Fit Lab,TREAD10,ลู่วิ่ง,56,35.2,61.6,0.057,1,475,0.026,ปกติ
EG0681,2026-09-03,20:45,GYM03,Bangkok Fit Lab,TREAD08,ลู่วิ่ง,34,51.3,89.3,0.051,1,326,0.023,ปกติ
EG0055,2026-09-03,21:00,GYM02,Chonburi Active,STEP07,เครื่อง Stepper,44,72.6,94.1,0.069,2,841,0.031,ปกติ
EG0845,2026-09-03,21:00,GYM01,Burapha Fitness,STEP04,เครื่อง Stepper,37,76.2,109.0,0.067,2,543,0.03,ปกติ
EG0874,2026-09-03,21:15,GYM02,Chonburi Active,ROW02,เครื่องพาย,33,53.5,92.1,0.051,1,302,0.023,ปกติ
EG0832,2026-09-04,06:15,GYM02,Chonburi Active,ELLIP09,เครื่อง Elliptical,34,35.7,47.9,0.027,2,641,0.012,ปกติ
EG0870,2026-09-04,06:45,GYM03,Bangkok Fit Lab,ROW07,เครื่องพาย,44,56.0,101.9,0.075,2,964,0.034,ต้องตรวจสอบ
EG0640,2026-09-04,07:15,GYM02,Chonburi Active,STEP04,เครื่อง Stepper,43,62.4,80.4,0.058,2,652,0.026,ปกติ
EG0891,2026-09-04,08:45,GYM03,Bangkok Fit Lab,BIKE09,จักรยานปั่น,46,48.6,53.2,0.041,1,258,0.018,ปกติ
EG0637,2026-09-04,09:00,GYM02,Chonburi Active,TREAD02,ลู่วิ่ง,36,52.1,83.0,0.05,1,252,0.023,ปกติ
EG0181,2026-09-04,09:15,GYM01,Burapha Fitness,STEP05,เครื่อง Stepper,48,68.3,83.2,0.067,1,513,0.03,ปกติ
EG0373,2026-09-04,09:15,GYM01,Burapha Fitness,STEP05,เครื่อง Stepper,59,76.5,112.7,0.111,2,892,0.05,ต้องตรวจสอบ
EG0440,2026-09-04,09:30,GYM01,Burapha Fitness,ELLIP02,เครื่อง Elliptical,44,61.6,97.6,0.072,2,853,0.032,ปกติ
EG0019,2026-09-04,10:45,GYM02,Chonburi Active,STEP06,เครื่อง Stepper,42,78.8,123.7,0.087,2,553,0.039,ปกติ
EG0420,2026-09-04,11:30,GYM03,Bangkok Fit Lab,STEP09,เครื่อง Stepper,37,54.8,83.3,0.051,2,580,0.023,ปกติ
EG0336,2026-09-04,12:30,GYM01,Burapha Fitness,ELLIP05,เครื่อง Elliptical,23,81.6,109.7,0.042,2,430,0.019,ปกติ
EG0737,2026-09-04,12:30,GYM02,Chonburi Active,TREAD07,ลู่วิ่ง,45,47.0,73.1,0.055,2,873,0.025,ปกติ
EG0438,2026-09-04,13:00,GYM03,Bangkok Fit Lab,ELLIP10,เครื่อง Elliptical,59,47.0,59.5,0.059,2,873,0.027,ปกติ
EG0747,2026-09-04,14:45,GYM02,Chonburi Active,BIKE10,จักรยานปั่น,54,75.5,95.4,0.086,2,1046,0.039,ปกติ
EG0778,2026-09-04,15:15,GYM03,Bangkok Fit Lab,TREAD10,ลู่วิ่ง,46,66.4,119.6,0.092,1,456,0.041,ต้องตรวจสอบ
EG0817,2026-09-04,16:30,GYM02,Chonburi Active,TREAD02,ลู่วิ่ง,26,75.0,130.0,0.056,1,244,0.025,ปกติ
EG0859,2026-09-04,16:45,GYM02,Chonburi Active,ROW07,เครื่องพาย,44,86.3,138.3,0.101,2,695,0.045,ปกติ
EG0512,2026-09-04,17:00,GYM02,Chonburi Active,ROW01,เครื่องพาย,47,47.8,72.1,0.056,2,898,0.025,ปกติ
EG0250,2026-09-04,18:00,GYM03,Bangkok Fit Lab,ELLIP07,เครื่อง Elliptical,30,44.0,67.5,0.034,1,225,0.015,ปกติ
EG0507,2026-09-04,18:00,GYM03,Bangkok Fit Lab,ELLIP04,เครื่อง Elliptical,52,77.8,117.8,0.102,1,451,0.046,ปกติ
EG0129,2026-09-04,18:45,GYM01,Burapha Fitness,TREAD09,ลู่วิ่ง,46,68.2,105.4,0.081,1,321,0.036,ปกติ
EG0219,2026-09-04,20:00,GYM02,Chonburi Active,ELLIP07,เครื่อง Elliptical,37,57.1,88.0,0.054,1,248,0.024,ปกติ
EG0239,2026-09-04,20:00,GYM02,Chonburi Active,STEP07,เครื่อง Stepper,59,55.7,76.2,0.075,2,1056,0.034,ปกติ
EG0350,2026-09-04,20:15,GYM02,Chonburi Active,BIKE05,จักรยานปั่น,55,68.8,80.7,0.074,2,962,0.033,ปกติ
EG0711,2026-09-04,20:30,GYM03,Bangkok Fit Lab,BIKE10,จักรยานปั่น,36,39.6,45.5,0.027,1,281,0.012,ปกติ
EG0028,2026-09-04,20:45,GYM02,Chonburi Active,ROW05,เครื่องพาย,21,53.0,93.8,0.033,1,210,0.015,ปกติ
EG0072,2026-09-04,20:45,GYM01,Burapha Fitness,BIKE10,จักรยานปั่น,15,85.5,111.4,0.028,2,262,0.013,ปกติ
EG0790,2026-09-04,21:00,GYM03,Bangkok Fit Lab,TREAD07,ลู่วิ่ง,18,50.7,85.9,0.026,1,183,0.012,ปกติ
EG0951,2026-09-04,21:15,GYM02,Chonburi Active,BIKE09,จักรยานปั่น,60,71.1,83.9,0.084,1,531,0.038,ต้องตรวจสอบ
EG0928,2026-09-04,21:30,GYM02,Chonburi Active,TREAD01,ลู่วิ่ง,16,63.8,101.2,0.027,2,334,0.012,ปกติ
EG0476,2026-09-04,21:45,GYM03,Bangkok Fit Lab,ELLIP07,เครื่อง Elliptical,29,60.6,85.5,0.041,1,245,0.018,ปกติ
EG0058,2026-09-05,06:00,GYM01,Burapha Fitness,TREAD06,ลู่วิ่ง,17,52.6,104.0,0.029,1,136,0.013,ปกติ
EG0642,2026-09-05,06:00,GYM01,Burapha Fitness,ROW10,เครื่องพาย,40,69.7,116.1,0.077,1,304,0.035,ปกติ
EG0969,2026-09-05,06:00,GYM02,Chonburi Active,TREAD09,ลู่วิ่ง,41,56.2,98.1,0.067,2,783,0.03,ปกติ
EG0833,2026-09-05,06:15,GYM01,Burapha Fitness,ELLIP01,เครื่อง Elliptical,27,64.6,99.6,0.045,1,271,0.02,ปกติ
EG0890,2026-09-05,06:30,GYM01,Burapha Fitness,STEP06,เครื่อง Stepper,23,61.4,84.2,0.032,1,194,0.014,ปกติ
EG0182,2026-09-05,07:30,GYM01,Burapha Fitness,TREAD06,ลู่วิ่ง,36,55.9,97.8,0.059,1,247,0.027,ปกติ
EG0464,2026-09-05,09:00,GYM02,Chonburi Active,ELLIP03,เครื่อง Elliptical,46,52.0,64.4,0.049,1,348,0.022,ปกติ
EG0888,2026-09-05,09:15,GYM01,Burapha Fitness,BIKE02,จักรยานปั่น,48,37.8,48.7,0.039,1,454,0.018,ปกติ
EG0218,2026-09-05,09:30,GYM03,Bangkok Fit Lab,ELLIP09,เครื่อง Elliptical,56,42.8,55.9,0.052,1,386,0.023,ปกติ
EG0621,2026-09-05,09:45,GYM01,Burapha Fitness,TREAD07,ลู่วิ่ง,42,65.2,103.5,0.072,2,672,0.032,ปกติ
EG0782,2026-09-05,10:45,GYM02,Chonburi Active,STEP09,เครื่อง Stepper,31,77.9,101.7,0.053,2,495,0.024,ปกติ
EG0308,2026-09-05,11:00,GYM01,Burapha Fitness,ROW05,เครื่องพาย,48,83.1,129.5,0.104,1,352,0.047,ปกติ
EG0054,2026-09-05,11:15,GYM03,Bangkok Fit Lab,ROW05,เครื่องพาย,16,72.1,117.6,0.031,2,260,0.014,ปกติ
EG0908,2026-09-05,11:15,GYM01,Burapha Fitness,TREAD02,ลู่วิ่ง,45,58.4,101.1,0.076,2,743,0.034,ปกติ
EG0769,2026-09-05,11:30,GYM01,Burapha Fitness,TREAD07,ลู่วิ่ง,52,67.5,108.5,0.094,1,410,0.042,ปกติ
EG0214,2026-09-05,13:15,GYM01,Burapha Fitness,ROW06,เครื่องพาย,15,54.9,94.8,0.024,1,86,0.011,ปกติ
EG0745,2026-09-05,14:30,GYM01,Burapha Fitness,TREAD03,ลู่วิ่ง,32,56.7,90.2,0.048,1,238,0.022,ปกติ
EG0100,2026-09-05,14:45,GYM01,Burapha Fitness,TREAD01,ลู่วิ่ง,56,45.7,81.0,0.076,1,500,0.034,ปกติ
EG0246,2026-09-05,14:45,GYM03,Bangkok Fit Lab,ELLIP03,เครื่อง Elliptical,37,76.9,100.9,0.062,1,276,0.028,ปกติ
EG0467,2026-09-05,16:00,GYM01,Burapha Fitness,STEP01,เครื่อง Stepper,60,50.1,68.1,0.068,1,456,0.031,ปกติ
EG0582,2026-09-05,17:00,GYM03,Bangkok Fit Lab,TREAD09,ลู่วิ่ง,25,96.3,155.8,0.065,1,171,0.029,ปกติ
EG0748,2026-09-05,17:30,GYM02,Chonburi Active,BIKE03,จักรยานปั่น,31,67.8,89.6,0.046,1,266,0.021,ต้องตรวจสอบ
EG0170,2026-09-05,17:45,GYM02,Chonburi Active,TREAD09,ลู่วิ่ง,35,73.9,131.4,0.077,1,285,0.035,ปกติ
EG0050,2026-09-05,18:30,GYM01,Burapha Fitness,BIKE08,จักรยานปั่น,58,54.0,65.8,0.064,1,531,0.029,ปกติ
EG0697,2026-09-05,18:30,GYM01,Burapha Fitness,BIKE07,จักรยานปั่น,25,54.4,73.0,0.03,1,178,0.014,ต้องตรวจสอบ
EG0813,2026-09-05,20:15,GYM01,Burapha Fitness,BIKE09,จักรยานปั่น,46,52.1,64.4,0.049,2,795,0.022,ปกติ
EG0834,2026-09-05,20:15,GYM01,Burapha Fitness,ROW03,เครื่องพาย,31,57.9,93.1,0.048,1,161,0.022,ปกติ
EG0883,2026-09-05,20:30,GYM01,Burapha Fitness,ELLIP03,เครื่อง Elliptical,23,68.1,104.5,0.04,1,211,0.018,ปกติ
EG0807,2026-09-05,20:45,GYM03,Bangkok Fit Lab,ELLIP10,เครื่อง Elliptical,46,33.5,56.8,0.044,2,689,0.02,ปกติ
EG0257,2026-09-05,21:00,GYM03,Bangkok Fit Lab,BIKE06,จักรยานปั่น,37,70.6,79.6,0.049,1,216,0.022,ปกติ
EG0810,2026-09-05,21:30,GYM01,Burapha Fitness,BIKE08,จักรยานปั่น,22,78.5,94.7,0.035,1,208,0.016,ปกติ
EG0816,2026-09-06,06:00,GYM02,Chonburi Active,STEP02,เครื่อง Stepper,17,63.4,76.7,0.022,1,117,0.01,ปกติ
EG0340,2026-09-06,06:45,GYM01,Burapha Fitness,BIKE02,จักรยานปั่น,30,57.2,75.4,0.038,1,232,0.017,ปกติ
EG0536,2026-09-06,07:00,GYM03,Bangkok Fit Lab,BIKE06,จักรยานปั่น,36,61.4,84.9,0.051,1,244,0.023,ปกติ
EG0241,2026-09-06,07:15,GYM03,Bangkok Fit Lab,STEP09,เครื่อง Stepper,53,80.3,104.0,0.092,2,1073,0.041,ปกติ
EG0161,2026-09-06,07:30,GYM02,Chonburi Active,ROW09,เครื่องพาย,20,48.2,81.0,0.027,2,286,0.012,ปกติ
EG0118,2026-09-06,07:45,GYM01,Burapha Fitness,STEP02,เครื่อง Stepper,33,58.3,94.4,0.052,2,380,0.023,ปกติ
EG0925,2026-09-06,08:00,GYM02,Chonburi Active,ROW04,เครื่องพาย,25,47.8,81.0,0.034,1,188,0.015,ปกติ
EG0266,2026-09-06,09:30,GYM03,Bangkok Fit Lab,BIKE10,จักรยานปั่น,16,69.7,94.4,0.025,1,109,0.011,ปกติ
EG0095,2026-09-06,10:00,GYM03,Bangkok Fit Lab,BIKE08,จักรยานปั่น,24,62.3,84.6,0.034,2,309,0.015,ปกติ
EG0916,2026-09-06,10:00,GYM02,Chonburi Active,ROW03,เครื่องพาย,37,67.4,116.4,0.072,2,593,0.032,ปกติ
EG0966,2026-09-06,10:00,GYM02,Chonburi Active,ELLIP04,เครื่อง Elliptical,18,51.0,55.9,0.017,1,137,0.008,ปกติ
EG0208,2026-09-06,10:15,GYM02,Chonburi Active,TREAD08,ลู่วิ่ง,59,60.8,112.4,0.111,2,1082,0.05,ปกติ
EG0015,2026-09-06,10:30,GYM01,Burapha Fitness,ELLIP09,เครื่อง Elliptical,31,62.3,89.3,0.046,2,354,0.021,ปกติ
EG0093,2026-09-06,10:30,GYM03,Bangkok Fit Lab,ELLIP06,เครื่อง Elliptical,33,48.7,62.7,0.034,1,273,0.015,ปกติ
EG0528,2026-09-06,10:45,GYM01,Burapha Fitness,TREAD03,ลู่วิ่ง,30,75.0,116.8,0.058,1,216,0.026,ปกติ
EG0389,2026-09-06,11:15,GYM03,Bangkok Fit Lab,STEP02,เครื่อง Stepper,41,69.2,91.9,0.063,1,412,0.028,ปกติ
EG0800,2026-09-06,11:30,GYM03,Bangkok Fit Lab,BIKE08,จักรยานปั่น,17,61.3,69.2,0.02,2,313,0.009,ปกติ
EG0264,2026-09-06,11:45,GYM02,Chonburi Active,TREAD06,ลู่วิ่ง,54,56.4,96.6,0.087,2,722,0.039,ปกติ
EG0362,2026-09-06,12:00,GYM02,Chonburi Active,BIKE08,จักรยานปั่น,36,52.8,66.9,0.04,1,370,0.018,ปกติ
EG0196,2026-09-06,12:15,GYM01,Burapha Fitness,STEP06,เครื่อง Stepper,52,50.7,58.7,0.051,1,458,0.023,ปกติ
EG0680,2026-09-06,12:15,GYM03,Bangkok Fit Lab,ELLIP08,เครื่อง Elliptical,48,53.4,84.1,0.067,1,398,0.03,ปกติ
EG0717,2026-09-06,13:00,GYM03,Bangkok Fit Lab,BIKE01,จักรยานปั่น,37,55.9,79.3,0.049,2,588,0.022,ปกติ
EG0529,2026-09-06,14:30,GYM01,Burapha Fitness,ROW06,เครื่องพาย,27,84.1,161.3,0.073,2,456,0.033,ปกติ
EG0675,2026-09-06,15:30,GYM02,Chonburi Active,ROW10,เครื่องพาย,60,71.9,112.8,0.113,1,448,0.051,ปกติ
EG0371,2026-09-06,16:00,GYM01,Burapha Fitness,STEP01,เครื่อง Stepper,16,45.4,65.5,0.017,2,180,0.008,ปกติ
EG0929,2026-09-06,16:00,GYM02,Chonburi Active,ELLIP04,เครื่อง Elliptical,54,63.7,88.5,0.08,2,938,0.036,ปกติ
EG0327,2026-09-06,16:30,GYM02,Chonburi Active,BIKE09,จักรยานปั่น,17,81.7,107.5,0.03,2,288,0.014,ปกติ
EG0705,2026-09-06,17:00,GYM01,Burapha Fitness,TREAD02,ลู่วิ่ง,50,63.3,124.4,0.104,1,479,0.047,ปกติ
EG0502,2026-09-06,17:30,GYM02,Chonburi Active,TREAD06,ลู่วิ่ง,54,72.5,122.4,0.11,1,548,0.05,ปกติ
EG0768,2026-09-06,17:45,GYM03,Bangkok Fit Lab,TREAD07,ลู่วิ่ง,58,66.7,95.2,0.092,1,393,0.041,ปกติ
EG0776,2026-09-06,18:15,GYM01,Burapha Fitness,TREAD05,ลู่วิ่ง,18,66.8,101.3,0.03,1,142,0.014,ปกติ
EG0221,2026-09-06,19:15,GYM02,Chonburi Active,STEP02,เครื่อง Stepper,35,65.6,78.4,0.046,2,679,0.021,ปกติ
EG0033,2026-09-06,19:30,GYM01,Burapha Fitness,BIKE06,จักรยานปั่น,49,58.2,63.3,0.052,1,359,0.023,ปกติ
EG0417,2026-09-06,20:00,GYM01,Burapha Fitness,BIKE10,จักรยานปั่น,43,55.2,75.2,0.054,1,394,0.024,ปกติ
EG0559,2026-09-06,21:30,GYM03,Bangkok Fit Lab,ROW04,เครื่องพาย,24,49.6,77.4,0.031,1,227,0.014,ปกติ
EG0199,2026-09-07,06:45,GYM03,Bangkok Fit Lab,ROW10,เครื่องพาย,52,80.8,121.5,0.105,1,304,0.047,ปกติ
EG0032,2026-09-07,07:00,GYM01,Burapha Fitness,ELLIP05,เครื่อง Elliptical,39,52.5,88.7,0.058,1,298,0.026,ปกติ
EG0353,2026-09-07,07:00,GYM02,Chonburi Active,TREAD02,ลู่วิ่ง,17,67.3,134.0,0.038,2,267,0.017,ปกติ
EG0858,2026-09-07,07:00,GYM02,Chonburi Active,TREAD08,ลู่วิ่ง,31,68.1,125.8,0.065,2,555,0.029,ต้องตรวจสอบ
EG0570,2026-09-07,07:45,GYM01,Burapha Fitness,TREAD07,ลู่วิ่ง,19,61.2,89.0,0.028,1,157,0.013,ปกติ
EG0671,2026-09-07,08:00,GYM01,Burapha Fitness,TREAD05,ลู่วิ่ง,56,65.8,104.5,0.098,2,841,0.044,ปกติ
EG0884,2026-09-07,09:15,GYM01,Burapha Fitness,ROW08,เครื่องพาย,15,50.5,67.7,0.017,2,195,0.008,ปกติ
EG0112,2026-09-07,11:15,GYM01,Burapha Fitness,BIKE05,จักรยานปั่น,29,57.0,75.6,0.037,1,194,0.017,ปกติ
EG0125,2026-09-07,11:30,GYM01,Burapha Fitness,ELLIP02,เครื่อง Elliptical,59,59.0,89.0,0.088,1,418,0.04,ปกติ
EG0618,2026-09-07,12:15,GYM01,Burapha Fitness,ELLIP07,เครื่อง Elliptical,44,57.6,84.6,0.062,2,878,0.028,ปกติ
EG0952,2026-09-07,12:15,GYM02,Chonburi Active,BIKE06,จักรยานปั่น,33,46.2,60.2,0.033,2,552,0.015,ปกติ
EG0075,2026-09-07,12:45,GYM03,Bangkok Fit Lab,STEP02,เครื่อง Stepper,39,66.9,100.3,0.065,2,695,0.029,ปกติ
EG0088,2026-09-07,12:45,GYM02,Chonburi Active,BIKE06,จักรยานปั่น,59,64.4,81.0,0.08,1,563,0.036,ปกติ
EG0590,2026-09-07,13:00,GYM01,Burapha Fitness,ROW07,เครื่องพาย,19,69.3,94.1,0.03,1,87,0.014,ปกติ
EG0162,2026-09-07,13:15,GYM02,Chonburi Active,BIKE07,จักรยานปั่น,57,51.7,59.3,0.056,1,432,0.025,ปกติ
EG0593,2026-09-07,13:15,GYM01,Burapha Fitness,BIKE09,จักรยานปั่น,39,40.6,46.8,0.03,1,336,0.014,ปกติ
EG0042,2026-09-07,13:30,GYM02,Chonburi Active,ROW07,เครื่องพาย,53,63.8,99.8,0.088,2,1098,0.04,ปกติ
EG0655,2026-09-07,14:00,GYM02,Chonburi Active,BIKE09,จักรยานปั่น,23,52.2,65.8,0.025,2,402,0.011,ปกติ
EG0002,2026-09-07,15:45,GYM03,Bangkok Fit Lab,ELLIP02,เครื่อง Elliptical,37,40.0,67.0,0.041,1,242,0.018,ปกติ
EG0509,2026-09-07,16:00,GYM03,Bangkok Fit Lab,ELLIP01,เครื่อง Elliptical,16,75.7,106.2,0.028,1,153,0.013,ปกติ
EG0404,2026-09-07,17:30,GYM03,Bangkok Fit Lab,ROW05,เครื่องพาย,53,66.9,106.1,0.094,1,483,0.042,ปกติ
EG0326,2026-09-07,18:15,GYM03,Bangkok Fit Lab,TREAD04,ลู่วิ่ง,39,52.6,82.6,0.054,2,715,0.024,ปกติ
EG0746,2026-09-07,18:30,GYM03,Bangkok Fit Lab,TREAD03,ลู่วิ่ง,26,65.7,108.2,0.047,1,214,0.021,ปกติ
EG0906,2026-09-07,18:45,GYM03,Bangkok Fit Lab,BIKE09,จักรยานปั่น,53,54.3,67.2,0.059,2,736,0.027,ปกติ
EG0741,2026-09-07,19:45,GYM02,Chonburi Active,ROW10,เครื่องพาย,23,54.2,93.9,0.036,1,191,0.016,ปกติ
EG0213,2026-09-08,06:30,GYM02,Chonburi Active,BIKE04,จักรยานปั่น,19,67.2,80.4,0.025,2,402,0.011,ปกติ
EG0730,2026-09-08,07:15,GYM01,Burapha Fitness,ELLIP03,เครื่อง Elliptical,38,74.4,118.6,0.075,2,699,0.034,ปกติ
EG0184,2026-09-08,08:00,GYM03,Bangkok Fit Lab,STEP10,เครื่อง Stepper,27,63.1,97.5,0.044,2,531,0.02,ปกติ
EG0770,2026-09-08,08:45,GYM03,Bangkok Fit Lab,TREAD06,ลู่วิ่ง,33,76.4,126.3,0.069,1,257,0.031,ปกติ
EG0539,2026-09-08,09:00,GYM02,Chonburi Active,BIKE04,จักรยานปั่น,28,65.3,78.3,0.037,1,194,0.017,ปกติ
EG0622,2026-09-08,09:00,GYM01,Burapha Fitness,BIKE06,จักรยานปั่น,40,42.2,55.3,0.037,1,349,0.017,ปกติ
EG0964,2026-09-08,10:00,GYM02,Chonburi Active,TREAD04,ลู่วิ่ง,38,66.2,112.5,0.071,2,713,0.032,ปกติ
EG0549,2026-09-08,10:30,GYM02,Chonburi Active,BIKE03,จักรยานปั่น,19,33.4,45.8,0.015,2,254,0.007,ปกติ
EG0608,2026-09-08,11:30,GYM02,Chonburi Active,ROW08,เครื่องพาย,43,63.9,100.3,0.072,1,378,0.032,ปกติ
EG0482,2026-09-08,11:45,GYM02,Chonburi Active,BIKE03,จักรยานปั่น,34,62.6,77.1,0.044,2,463,0.02,ปกติ
EG0207,2026-09-08,12:15,GYM01,Burapha Fitness,ELLIP06,เครื่อง Elliptical,17,55.5,76.7,0.022,2,276,0.01,ปกติ
EG0877,2026-09-08,12:15,GYM03,Bangkok Fit Lab,ELLIP05,เครื่อง Elliptical,24,56.0,78.4,0.031,1,241,0.014,ปกติ
EG0135,2026-09-08,12:45,GYM03,Bangkok Fit Lab,ELLIP03,เครื่อง Elliptical,54,62.4,96.8,0.087,2,987,0.039,ปกติ
EG0375,2026-09-08,12:45,GYM01,Burapha Fitness,BIKE07,จักรยานปั่น,34,58.8,70.5,0.04,1,285,0.018,ปกติ
EG0607,2026-09-08,14:15,GYM01,Burapha Fitness,BIKE04,จักรยานปั่น,31,73.0,85.6,0.044,2,463,0.02,ปกติ
EG0385,2026-09-08,14:30,GYM03,Bangkok Fit Lab,ELLIP03,เครื่อง Elliptical,25,52.1,63.5,0.026,2,475,0.012,ปกติ
EG0176,2026-09-08,14:45,GYM01,Burapha Fitness,ELLIP05,เครื่อง Elliptical,57,55.6,81.0,0.077,1,573,0.035,ต้องตรวจสอบ
EG0421,2026-09-08,14:45,GYM03,Bangkok Fit Lab,TREAD02,ลู่วิ่ง,45,83.9,140.0,0.105,2,695,0.047,ปกติ
EG0646,2026-09-08,15:00,GYM03,Bangkok Fit Lab,ROW02,เครื่องพาย,30,64.6,105.8,0.053,1,183,0.024,ปกติ
EG0684,2026-09-08,15:15,GYM02,Chonburi Active,ROW05,เครื่องพาย,24,77.7,129.3,0.052,1,190,0.023,ปกติ
EG0332,2026-09-08,15:30,GYM03,Bangkok Fit Lab,ROW02,เครื่องพาย,40,64.6,111.7,0.074,1,303,0.033,ปกติ
EG0564,2026-09-08,16:45,GYM01,Burapha Fitness,BIKE03,จักรยานปั่น,37,81.6,91.0,0.056,2,587,0.025,ปกติ
EG0145,2026-09-08,17:00,GYM01,Burapha Fitness,BIKE02,จักรยานปั่น,52,86.8,111.8,0.097,2,686,0.044,ปกติ
EG0322,2026-09-08,17:00,GYM03,Bangkok Fit Lab,BIKE03,จักรยานปั่น,53,46.6,61.9,0.055,1,522,0.025,ปกติ
EG0499,2026-09-08,17:30,GYM03,Bangkok Fit Lab,TREAD04,ลู่วิ่ง,20,75.2,132.3,0.044,1,179,0.02,ต้องตรวจสอบ
EG0191,2026-09-08,17:45,GYM01,Burapha Fitness,BIKE10,จักรยานปั่น,42,50.9,62.4,0.044,1,393,0.02,ปกติ
EG0526,2026-09-08,17:45,GYM02,Chonburi Active,BIKE07,จักรยานปั่น,45,53.7,60.7,0.046,2,742,0.021,ปกติ
EG0603,2026-09-08,18:00,GYM01,Burapha Fitness,BIKE04,จักรยานปั่น,54,54.5,62.3,0.056,1,466,0.025,ปกติ
EG0117,2026-09-08,19:45,GYM03,Bangkok Fit Lab,BIKE09,จักรยานปั่น,40,40.5,41.7,0.028,2,607,0.013,ปกติ
EG0486,2026-09-08,19:45,GYM03,Bangkok Fit Lab,TREAD04,ลู่วิ่ง,47,62.8,92.5,0.072,2,726,0.032,ปกติ
EG0442,2026-09-08,20:30,GYM03,Bangkok Fit Lab,BIKE02,จักรยานปั่น,26,90.7,100.4,0.044,2,329,0.02,ปกติ
EG0886,2026-09-08,21:00,GYM01,Burapha Fitness,TREAD10,ลู่วิ่ง,49,69.0,126.4,0.103,2,763,0.046,ปกติ
EG0155,2026-09-08,21:45,GYM03,Bangkok Fit Lab,ELLIP10,เครื่อง Elliptical,60,65.7,102.0,0.102,1,454,0.046,ปกติ
EG0957,2026-09-08,21:45,GYM02,Chonburi Active,ELLIP07,เครื่อง Elliptical,15,53.1,87.8,0.022,2,201,0.01,ปกติ
EG0658,2026-09-09,06:00,GYM02,Chonburi Active,TREAD04,ลู่วิ่ง,51,54.2,97.7,0.083,2,949,0.037,ปกติ
EG0225,2026-09-09,08:00,GYM01,Burapha Fitness,TREAD07,ลู่วิ่ง,60,43.8,71.9,0.072,1,514,0.032,ปกติ
EG0715,2026-09-09,08:00,GYM01,Burapha Fitness,BIKE02,จักรยานปั่น,52,74.2,98.4,0.085,1,492,0.038,ปกติ
EG0186,2026-09-09,08:30,GYM02,Chonburi Active,STEP07,เครื่อง Stepper,36,64.9,87.6,0.053,1,333,0.024,ปกติ
EG0276,2026-09-09,09:00,GYM02,Chonburi Active,BIKE01,จักรยานปั่น,57,51.2,66.1,0.063,2,859,0.028,ปกติ
EG0406,2026-09-09,09:00,GYM03,Bangkok Fit Lab,TREAD06,ลู่วิ่ง,31,41.3,56.4,0.029,1,222,0.013,ปกติ
EG0180,2026-09-09,09:15,GYM01,Burapha Fitness,ELLIP07,เครื่อง Elliptical,32,66.2,80.6,0.043,1,241,0.019,ปกติ
EG0728,2026-09-09,09:30,GYM03,Bangkok Fit Lab,STEP07,เครื่อง Stepper,54,38.5,49.2,0.044,2,812,0.02,ปกติ
EG0956,2026-09-09,09:30,GYM02,Chonburi Active,STEP09,เครื่อง Stepper,42,67.6,98.5,0.069,1,322,0.031,ปกติ
EG0087,2026-09-09,10:00,GYM03,Bangkok Fit Lab,ELLIP10,เครื่อง Elliptical,15,62.9,89.8,0.022,1,133,0.01,ปกติ
EG0579,2026-09-09,10:00,GYM02,Chonburi Active,ELLIP05,เครื่อง Elliptical,28,59.9,81.4,0.038,2,355,0.017,ปกติ
EG0354,2026-09-09,10:30,GYM01,Burapha Fitness,ROW04,เครื่องพาย,25,73.4,129.9,0.054,2,305,0.024,ปกติ
EG0437,2026-09-09,10:30,GYM01,Burapha Fitness,TREAD05,ลู่วิ่ง,54,49.5,67.2,0.06,1,466,0.027,ปกติ
EG0687,2026-09-09,10:45,GYM02,Chonburi Active,STEP09,เครื่อง Stepper,51,54.6,82.3,0.07,1,392,0.032,ปกติ
EG0820,2026-09-09,11:15,GYM01,Burapha Fitness,TREAD07,ลู่วิ่ง,19,74.6,132.2,0.042,2,279,0.019,ปกติ
EG0262,2026-09-09,11:30,GYM03,Bangkok Fit Lab,ROW05,เครื่องพาย,59,93.4,147.2,0.145,1,491,0.065,ต้องตรวจสอบ
EG0297,2026-09-09,11:30,GYM03,Bangkok Fit Lab,BIKE05,จักรยานปั่น,47,57.7,71.0,0.056,2,803,0.025,ปกติ
EG0592,2026-09-09,12:15,GYM02,Chonburi Active,STEP06,เครื่อง Stepper,55,57.2,80.6,0.074,1,542,0.033,ปกติ
EG0017,2026-09-09,13:15,GYM01,Burapha Fitness,BIKE01,จักรยานปั่น,20,53.1,74.0,0.025,2,373,0.011,ปกติ
EG0912,2026-09-09,13:30,GYM01,Burapha Fitness,STEP06,เครื่อง Stepper,43,69.0,94.7,0.068,2,491,0.031,ปกติ
EG0328,2026-09-09,14:15,GYM02,Chonburi Active,ROW04,เครื่องพาย,29,70.6,121.4,0.059,1,248,0.027,ปกติ
EG0835,2026-09-09,14:15,GYM02,Chonburi Active,ROW07,เครื่องพาย,50,45.4,67.6,0.056,1,372,0.025,ปกติ
EG0144,2026-09-09,14:30,GYM01,Burapha Fitness,ELLIP07,เครื่อง Elliptical,32,76.2,104.0,0.055,1,288,0.025,ปกติ
EG0654,2026-09-09,14:30,GYM03,Bangkok Fit Lab,TREAD04,ลู่วิ่ง,38,69.1,115.1,0.073,2,578,0.033,ปกติ
EG0068,2026-09-09,15:15,GYM03,Bangkok Fit Lab,BIKE06,จักรยานปั่น,50,57.7,76.5,0.064,2,1134,0.029,ปกติ
EG0424,2026-09-09,15:45,GYM02,Chonburi Active,BIKE02,จักรยานปั่น,40,47.4,59.7,0.04,1,241,0.018,ปกติ
EG0473,2026-09-09,16:00,GYM01,Burapha Fitness,STEP02,เครื่อง Stepper,24,60.8,90.5,0.036,1,159,0.016,ปกติ
EG0669,2026-09-09,16:00,GYM01,Burapha Fitness,BIKE02,จักรยานปั่น,26,44.8,57.2,0.025,2,399,0.011,ปกติ
EG0444,2026-09-09,16:45,GYM02,Chonburi Active,TREAD06,ลู่วิ่ง,58,46.0,84.0,0.081,2,819,0.036,ปกติ
EG0580,2026-09-09,17:15,GYM01,Burapha Fitness,ELLIP08,เครื่อง Elliptical,25,74.2,120.6,0.05,2,413,0.023,ปกติ
EG0433,2026-09-09,18:00,GYM02,Chonburi Active,TREAD05,ลู่วิ่ง,25,52.5,85.5,0.036,1,185,0.016,ปกติ
EG0400,2026-09-09,18:15,GYM03,Bangkok Fit Lab,ELLIP08,เครื่อง Elliptical,22,58.5,83.2,0.031,2,366,0.014,ปกติ
EG0990,2026-09-09,19:00,GYM03,Bangkok Fit Lab,ROW03,เครื่องพาย,19,54.1,95.9,0.03,2,311,0.014,ปกติ
EG0524,2026-09-09,19:30,GYM03,Bangkok Fit Lab,BIKE04,จักรยานปั่น,41,40.1,52.5,0.036,1,329,0.016,ปกติ
EG0493,2026-09-09,19:45,GYM01,Burapha Fitness,BIKE02,จักรยานปั่น,35,64.2,90.0,0.052,2,600,0.023,ปกติ
EG0584,2026-09-09,20:15,GYM01,Burapha Fitness,TREAD06,ลู่วิ่ง,41,58.7,101.4,0.069,2,660,0.031,ปกติ
EG0448,2026-09-09,20:45,GYM03,Bangkok Fit Lab,ROW04,เครื่องพาย,31,62.5,108.2,0.056,2,551,0.025,ปกติ
EG0475,2026-09-09,20:45,GYM02,Chonburi Active,TREAD04,ลู่วิ่ง,29,46.7,71.0,0.034,1,253,0.015,ปกติ
EG0659,2026-09-10,06:15,GYM02,Chonburi Active,TREAD05,ลู่วิ่ง,56,87.4,141.4,0.132,1,471,0.059,ปกติ
EG0158,2026-09-10,06:30,GYM03,Bangkok Fit Lab,STEP06,เครื่อง Stepper,56,55.3,82.8,0.077,2,1012,0.035,ปกติ
EG0398,2026-09-10,07:30,GYM02,Chonburi Active,BIKE08,จักรยานปั่น,39,59.0,78.3,0.051,1,287,0.023,ปกติ
EG0008,2026-09-10,08:00,GYM03,Bangkok Fit Lab,ROW01,เครื่องพาย,32,75.7,122.5,0.065,1,277,0.029,ปกติ
EG0098,2026-09-10,08:15,GYM02,Chonburi Active,BIKE06,จักรยานปั่น,59,64.9,87.8,0.086,2,931,0.039,ปกติ
EG0175,2026-09-10,08:30,GYM02,Chonburi Active,ELLIP02,เครื่อง Elliptical,50,50.0,80.1,0.067,1,378,0.03,ปกติ
EG0121,2026-09-10,09:15,GYM03,Bangkok Fit Lab,STEP10,เครื่อง Stepper,57,73.7,102.3,0.097,2,793,0.044,ปกติ
EG0012,2026-09-10,10:15,GYM03,Bangkok Fit Lab,STEP03,เครื่อง Stepper,40,51.3,73.4,0.049,2,541,0.022,ปกติ
EG0193,2026-09-10,10:45,GYM03,Bangkok Fit Lab,TREAD05,ลู่วิ่ง,15,74.1,147.0,0.037,1,101,0.017,ปกติ
EG0806,2026-09-10,12:15,GYM03,Bangkok Fit Lab,ROW03,เครื่องพาย,36,65.0,95.6,0.057,1,319,0.026,ปกติ
EG0756,2026-09-10,12:30,GYM03,Bangkok Fit Lab,ROW10,เครื่องพาย,46,51.5,80.0,0.061,1,373,0.027,ปกติ
EG0846,2026-09-10,12:45,GYM02,Chonburi Active,BIKE01,จักรยานปั่น,60,39.8,50.4,0.05,1,428,0.023,ปกติ
EG0797,2026-09-10,13:45,GYM03,Bangkok Fit Lab,ROW03,เครื่องพาย,52,60.6,98.1,0.085,2,923,0.038,ปกติ
EG0664,2026-09-10,14:00,GYM01,Burapha Fitness,TREAD09,ลู่วิ่ง,45,46.1,75.5,0.057,2,618,0.026,ปกติ
EG0575,2026-09-10,14:45,GYM03,Bangkok Fit Lab,BIKE06,จักรยานปั่น,56,60.7,63.2,0.059,2,891,0.027,ต้องตรวจสอบ
EG0984,2026-09-10,14:45,GYM01,Burapha Fitness,TREAD10,ลู่วิ่ง,34,56.0,88.7,0.05,2,491,0.023,ปกติ
EG0811,2026-09-10,16:00,GYM03,Bangkok Fit Lab,ELLIP07,เครื่อง Elliptical,20,49.1,68.2,0.023,2,242,0.01,ปกติ
EG0073,2026-09-10,17:45,GYM01,Burapha Fitness,BIKE05,จักรยานปั่น,33,50.8,67.2,0.037,2,456,0.017,ปกติ
EG0542,2026-09-10,18:45,GYM02,Chonburi Active,BIKE10,จักรยานปั่น,50,66.8,86.2,0.072,1,472,0.032,ปกติ
EG0044,2026-09-10,19:15,GYM03,Bangkok Fit Lab,ELLIP08,เครื่อง Elliptical,43,78.0,138.1,0.099,1,291,0.045,ปกติ
EG0106,2026-09-10,21:15,GYM01,Burapha Fitness,BIKE06,จักรยานปั่น,24,62.3,73.3,0.029,2,377,0.013,ปกติ
EG0983,2026-09-10,21:15,GYM01,Burapha Fitness,TREAD10,ลู่วิ่ง,40,85.1,144.1,0.096,2,793,0.043,ปกติ
EG0980,2026-09-11,06:00,GYM02,Chonburi Active,ROW02,เครื่องพาย,38,63.8,93.8,0.059,2,462,0.027,ปกติ
EG0857,2026-09-11,06:15,GYM01,Burapha Fitness,ROW03,เครื่องพาย,32,47.1,88.3,0.047,2,380,0.021,ปกติ
EG0217,2026-09-11,06:30,GYM01,Burapha Fitness,BIKE03,จักรยานปั่น,41,77.6,95.3,0.065,2,498,0.029,ปกติ
EG0310,2026-09-11,07:00,GYM01,Burapha Fitness,ROW04,เครื่องพาย,27,49.9,84.5,0.038,2,451,0.017,ปกติ
EG0271,2026-09-11,07:15,GYM03,Bangkok Fit Lab,ELLIP10,เครื่อง Elliptical,44,70.0,109.4,0.08,2,919,0.036,ปกติ
EG0459,2026-09-11,07:15,GYM01,Burapha Fitness,BIKE07,จักรยานปั่น,17,66.3,91.4,0.026,2,299,0.012,ปกติ
EG0761,2026-09-11,08:45,GYM01,Burapha Fitness,TREAD03,ลู่วิ่ง,41,55.5,97.0,0.066,1,254,0.03,ปกติ
EG0869,2026-09-11,08:45,GYM03,Bangkok Fit Lab,BIKE06,จักรยานปั่น,35,63.0,77.5,0.045,1,247,0.02,ปกติ
EG0025,2026-09-11,09:15,GYM02,Chonburi Active,STEP10,เครื่อง Stepper,55,63.4,92.3,0.085,2,999,0.038,ปกติ
EG0709,2026-09-11,09:15,GYM01,Burapha Fitness,ELLIP06,เครื่อง Elliptical,51,56.8,84.9,0.072,1,403,0.032,ปกติ
EG0576,2026-09-11,10:15,GYM03,Bangkok Fit Lab,BIKE03,จักรยานปั่น,34,47.6,55.4,0.031,1,251,0.014,ปกติ
EG0565,2026-09-11,12:00,GYM02,Chonburi Active,ROW08,เครื่องพาย,38,54.2,86.8,0.055,2,335,0.025,ปกติ
EG0937,2026-09-11,12:15,GYM01,Burapha Fitness,BIKE03,จักรยานปั่น,42,63.7,80.5,0.056,1,366,0.025,ปกติ
EG0086,2026-09-11,12:30,GYM01,Burapha Fitness,TREAD09,ลู่วิ่ง,42,49.9,76.0,0.053,1,402,0.024,ปกติ
EG0795,2026-09-11,12:45,GYM01,Burapha Fitness,BIKE02,จักรยานปั่น,46,57.2,74.3,0.057,1,461,0.026,ปกติ
EG0662,2026-09-11,13:45,GYM03,Bangkok Fit Lab,TREAD10,ลู่วิ่ง,22,50.3,81.7,0.03,1,174,0.014,ปกติ
EG0172,2026-09-11,14:00,GYM01,Burapha Fitness,STEP10,เครื่อง Stepper,57,57.9,78.1,0.074,2,1034,0.033,ปกติ
EG0788,2026-09-11,14:00,GYM02,Chonburi Active,ELLIP04,เครื่อง Elliptical,28,79.2,132.9,0.062,1,152,0.028,ปกติ
EG0430,2026-09-11,14:45,GYM01,Burapha Fitness,STEP02,เครื่อง Stepper,26,75.2,108.2,0.047,1,176,0.021,ปกติ
EG0731,2026-09-11,14:45,GYM01,Burapha Fitness,TREAD07,ลู่วิ่ง,49,66.2,97.6,0.08,1,405,0.036,ปกติ
EG0691,2026-09-11,15:30,GYM01,Burapha Fitness,BIKE05,จักรยานปั่น,54,57.0,74.0,0.067,2,926,0.03,ปกติ
EG0897,2026-09-11,15:30,GYM01,Burapha Fitness,ELLIP01,เครื่อง Elliptical,22,68.5,95.1,0.035,2,317,0.016,ปกติ
EG0595,2026-09-11,16:00,GYM03,Bangkok Fit Lab,ROW07,เครื่องพาย,24,53.2,92.8,0.037,2,267,0.017,ปกติ
EG0598,2026-09-11,16:15,GYM01,Burapha Fitness,BIKE10,จักรยานปั่น,15,63.9,74.7,0.019,2,296,0.009,ปกติ
EG0905,2026-09-11,16:45,GYM02,Chonburi Active,ROW02,เครื่องพาย,25,49.9,85.3,0.036,2,268,0.016,ปกติ
EG0930,2026-09-11,16:45,GYM01,Burapha Fitness,BIKE09,จักรยานปั่น,33,63.1,83.0,0.046,2,575,0.021,ปกติ
EG0227,2026-09-11,17:00,GYM03,Bangkok Fit Lab,TREAD03,ลู่วิ่ง,46,65.9,112.0,0.086,1,274,0.039,ปกติ
EG0037,2026-09-11,19:00,GYM01,Burapha Fitness,TREAD02,ลู่วิ่ง,24,57.1,96.6,0.039,1,172,0.018,ปกติ
EG0206,2026-09-11,20:15,GYM01,Burapha Fitness,ROW05,เครื่องพาย,21,52.4,82.4,0.029,1,133,0.013,ปกติ
EG0302,2026-09-11,20:30,GYM02,Chonburi Active,STEP09,เครื่อง Stepper,56,87.2,114.3,0.107,2,849,0.048,ปกติ
EG0765,2026-09-11,20:30,GYM01,Burapha Fitness,BIKE09,จักรยานปั่น,30,49.4,56.8,0.028,2,495,0.013,ปกติ
EG0021,2026-09-11,21:15,GYM02,Chonburi Active,ELLIP01,เครื่อง Elliptical,19,55.5,85.5,0.027,1,155,0.012,ปกติ
EG0168,2026-09-11,21:45,GYM01,Burapha Fitness,TREAD07,ลู่วิ่ง,23,58.1,104.1,0.04,2,347,0.018,ปกติ
EG0915,2026-09-12,06:45,GYM02,Chonburi Active,TREAD08,ลู่วิ่ง,54,87.6,169.6,0.153,2,710,0.069,ปกติ
EG0487,2026-09-12,07:45,GYM01,Burapha Fitness,TREAD03,ลู่วิ่ง,42,63.0,100.0,0.07,1,293,0.032,ปกติ
EG0612,2026-09-12,07:45,GYM03,Bangkok Fit Lab,ELLIP10,เครื่อง Elliptical,47,40.6,70.9,0.056,1,280,0.025,ปกติ
EG0226,2026-09-12,08:00,GYM01,Burapha Fitness,ELLIP10,เครื่อง Elliptical,46,79.2,117.1,0.09,1,412,0.04,ปกติ
EG0606,2026-09-12,09:00,GYM02,Chonburi Active,TREAD03,ลู่วิ่ง,36,67.6,120.1,0.072,2,490,0.032,ปกติ
EG0114,2026-09-12,09:15,GYM03,Bangkok Fit Lab,ELLIP10,เครื่อง Elliptical,43,55.7,79.6,0.057,2,613,0.026,ปกติ
EG0689,2026-09-12,09:45,GYM03,Bangkok Fit Lab,ELLIP01,เครื่อง Elliptical,17,72.6,111.3,0.032,1,104,0.014,ปกติ
EG0775,2026-09-12,10:45,GYM03,Bangkok Fit Lab,ROW01,เครื่องพาย,53,76.6,99.7,0.088,2,984,0.04,ปกติ
EG0156,2026-09-12,11:00,GYM01,Burapha Fitness,ROW02,เครื่องพาย,22,54.7,81.5,0.03,1,138,0.014,ปกติ
EG0469,2026-09-12,11:00,GYM01,Burapha Fitness,STEP07,เครื่อง Stepper,41,59.9,80.8,0.055,2,452,0.025,ปกติ
EG0535,2026-09-12,11:15,GYM03,Bangkok Fit Lab,TREAD05,ลู่วิ่ง,49,64.0,114.8,0.094,2,887,0.042,ปกติ
EG0275,2026-09-12,12:00,GYM02,Chonburi Active,TREAD08,ลู่วิ่ง,31,71.7,127.0,0.066,2,438,0.03,ปกติ
EG0650,2026-09-12,12:45,GYM02,Chonburi Active,ELLIP08,เครื่อง Elliptical,30,58.9,96.1,0.048,2,437,0.022,ปกติ
EG0726,2026-09-12,13:15,GYM03,Bangkok Fit Lab,BIKE09,จักรยานปั่น,52,39.0,48.4,0.042,2,1014,0.019,ปกติ
EG0274,2026-09-12,13:30,GYM03,Bangkok Fit Lab,BIKE07,จักรยานปั่น,44,40.3,48.7,0.036,1,366,0.016,ปกติ
EG0309,2026-09-12,13:45,GYM03,Bangkok Fit Lab,TREAD06,ลู่วิ่ง,43,53.5,84.0,0.06,2,624,0.027,ปกติ
EG0457,2026-09-12,14:45,GYM01,Burapha Fitness,ELLIP06,เครื่อง Elliptical,17,55.5,75.7,0.021,1,149,0.009,ปกติ
EG0514,2026-09-12,14:45,GYM03,Bangkok Fit Lab,BIKE02,จักรยานปั่น,41,80.4,100.0,0.068,1,453,0.031,ปกติ
EG0856,2026-09-12,14:45,GYM01,Burapha Fitness,BIKE06,จักรยานปั่น,16,51.5,62.7,0.017,2,297,0.008,ปกติ
EG0197,2026-09-12,15:00,GYM03,Bangkok Fit Lab,STEP08,เครื่อง Stepper,15,55.3,76.0,0.019,1,119,0.009,ต้องตรวจสอบ
EG0489,2026-09-12,15:30,GYM03,Bangkok Fit Lab,TREAD09,ลู่วิ่ง,15,59.3,113.1,0.028,1,153,0.013,ต้องตรวจสอบ
EG0174,2026-09-12,16:45,GYM01,Burapha Fitness,BIKE02,จักรยานปั่น,54,48.2,55.4,0.05,1,317,0.023,ปกติ
EG0988,2026-09-12,16:45,GYM02,Chonburi Active,TREAD09,ลู่วิ่ง,17,44.1,86.8,0.025,1,124,0.011,ปกติ
EG0065,2026-09-12,17:15,GYM01,Burapha Fitness,TREAD07,ลู่วิ่ง,46,57.4,101.5,0.078,1,423,0.035,ปกติ
EG0282,2026-09-12,17:45,GYM01,Burapha Fitness,ELLIP05,เครื่อง Elliptical,48,30.0,54.8,0.044,1,408,0.02,ปกติ
EG0518,2026-09-12,17:45,GYM03,Bangkok Fit Lab,STEP03,เครื่อง Stepper,45,71.7,93.9,0.07,1,284,0.032,ปกติ
EG0016,2026-09-12,18:30,GYM01,Burapha Fitness,STEP04,เครื่อง Stepper,16,43.0,59.6,0.016,1,117,0.007,ปกติ
EG0046,2026-09-12,18:30,GYM02,Chonburi Active,ELLIP10,เครื่อง Elliptical,34,62.1,80.8,0.046,1,278,0.021,ปกติ
EG0721,2026-09-12,18:30,GYM03,Bangkok Fit Lab,BIKE02,จักรยานปั่น,25,76.1,92.3,0.038,1,222,0.017,ปกติ
EG0269,2026-09-12,18:45,GYM02,Chonburi Active,ELLIP06,เครื่อง Elliptical,58,67.0,94.4,0.091,2,949,0.041,ปกติ
EG0604,2026-09-12,18:45,GYM01,Burapha Fitness,TREAD03,ลู่วิ่ง,26,58.6,87.1,0.038,1,125,0.017,ปกติ
EG0854,2026-09-12,18:45,GYM03,Bangkok Fit Lab,ROW07,เครื่องพาย,39,57.5,98.6,0.064,2,667,0.029,ปกติ
EG0901,2026-09-12,18:45,GYM01,Burapha Fitness,ELLIP06,เครื่อง Elliptical,15,61.4,101.1,0.025,2,210,0.011,ปกติ
EG0351,2026-09-12,19:30,GYM02,Chonburi Active,STEP03,เครื่อง Stepper,59,70.2,86.4,0.085,1,355,0.038,ปกติ
EG0922,2026-09-12,21:15,GYM02,Chonburi Active,BIKE03,จักรยานปั่น,22,65.3,77.7,0.028,1,190,0.013,ปกติ
EG0923,2026-09-12,21:45,GYM03,Bangkok Fit Lab,ELLIP02,เครื่อง Elliptical,55,76.2,105.3,0.097,1,369,0.044,ปกติ
EG0546,2026-09-13,06:30,GYM02,Chonburi Active,TREAD09,ลู่วิ่ง,49,55.3,98.6,0.081,1,368,0.036,ปกติ
EG0694,2026-09-13,07:15,GYM01,Burapha Fitness,BIKE09,จักรยานปั่น,58,53.2,72.6,0.07,1,387,0.032,ปกติ
EG0601,2026-09-13,08:00,GYM01,Burapha Fitness,BIKE03,จักรยานปั่น,15,39.8,48.1,0.012,1,127,0.005,ปกติ
EG0953,2026-09-13,08:45,GYM01,Burapha Fitness,ELLIP05,เครื่อง Elliptical,49,83.2,138.1,0.113,2,726,0.051,ปกติ
EG0837,2026-09-13,09:00,GYM03,Bangkok Fit Lab,BIKE07,จักรยานปั่น,15,55.6,51.6,0.013,1,117,0.006,ปกติ
EG0866,2026-09-13,09:00,GYM02,Chonburi Active,STEP09,เครื่อง Stepper,32,44.2,57.0,0.03,1,244,0.014,ปกติ
EG0823,2026-09-13,09:45,GYM01,Burapha Fitness,ELLIP09,เครื่อง Elliptical,45,74.9,117.4,0.088,2,496,0.04,ปกติ
EG0829,2026-09-13,10:00,GYM03,Bangkok Fit Lab,ROW10,เครื่องพาย,27,59.2,102.3,0.046,1,170,0.021,ปกติ
EG0713,2026-09-13,10:45,GYM02,Chonburi Active,ROW10,เครื่องพาย,45,75.6,107.5,0.081,1,297,0.036,ปกติ
EG0232,2026-09-13,11:15,GYM02,Chonburi Active,BIKE02,จักรยานปั่น,56,57.6,62.7,0.059,2,778,0.027,ปกติ
EG0970,2026-09-13,11:15,GYM02,Chonburi Active,BIKE10,จักรยานปั่น,23,77.1,93.0,0.036,1,149,0.016,ต้องตรวจสอบ
EG0483,2026-09-13,11:30,GYM02,Chonburi Active,ELLIP06,เครื่อง Elliptical,51,61.2,84.5,0.072,1,320,0.032,ปกติ
EG0848,2026-09-13,11:45,GYM03,Bangkok Fit Lab,BIKE10,จักรยานปั่น,22,80.2,94.6,0.035,1,146,0.016,ปกติ
EG0403,2026-09-13,12:30,GYM02,Chonburi Active,BIKE10,จักรยานปั่น,59,93.1,108.5,0.107,1,381,0.048,ปกติ
EG0628,2026-09-13,12:30,GYM03,Bangkok Fit Lab,ELLIP10,เครื่อง Elliptical,52,47.3,71.0,0.062,1,315,0.028,ปกติ
EG0553,2026-09-13,12:45,GYM02,Chonburi Active,ROW10,เครื่องพาย,39,64.9,109.7,0.071,2,557,0.032,ปกติ
EG0557,2026-09-13,13:00,GYM01,Burapha Fitness,ELLIP03,เครื่อง Elliptical,57,76.9,118.1,0.112,2,1139,0.05,ปกติ
EG0018,2026-09-13,13:15,GYM02,Chonburi Active,ELLIP04,เครื่อง Elliptical,19,38.9,54.2,0.017,2,295,0.008,ปกติ
EG0237,2026-09-13,14:00,GYM01,Burapha Fitness,STEP09,เครื่อง Stepper,23,49.2,69.1,0.026,2,424,0.012,ปกติ
EG0202,2026-09-13,14:15,GYM01,Burapha Fitness,BIKE04,จักรยานปั่น,19,78.9,95.1,0.03,2,287,0.014,ปกติ
EG0599,2026-09-13,14:15,GYM01,Burapha Fitness,BIKE09,จักรยานปั่น,21,59.3,68.3,0.024,2,278,0.011,ปกติ
EG0616,2026-09-13,14:15,GYM03,Bangkok Fit Lab,ELLIP10,เครื่อง Elliptical,54,91.6,148.7,0.134,2,953,0.06,ปกติ
EG0839,2026-09-13,14:30,GYM02,Chonburi Active,STEP06,เครื่อง Stepper,27,63.6,86.9,0.039,1,201,0.018,ปกติ
EG0611,2026-09-13,16:00,GYM01,Burapha Fitness,STEP06,เครื่อง Stepper,34,57.6,86.1,0.049,2,623,0.022,ปกติ
EG0959,2026-09-13,17:30,GYM01,Burapha Fitness,ELLIP10,เครื่อง Elliptical,32,64.9,105.9,0.056,2,634,0.025,ปกติ
EG0663,2026-09-13,18:15,GYM02,Chonburi Active,STEP07,เครื่อง Stepper,29,41.5,53.7,0.026,1,245,0.012,ปกติ
EG0789,2026-09-13,19:15,GYM02,Chonburi Active,BIKE09,จักรยานปั่น,45,66.6,84.9,0.064,2,617,0.029,ปกติ
EG0780,2026-09-13,19:30,GYM02,Chonburi Active,ROW08,เครื่องพาย,27,74.3,112.2,0.05,1,230,0.023,ปกติ
EG0899,2026-09-13,19:30,GYM01,Burapha Fitness,TREAD04,ลู่วิ่ง,41,65.8,122.1,0.083,2,597,0.037,ปกติ
EG0014,2026-09-13,20:15,GYM01,Burapha Fitness,BIKE05,จักรยานปั่น,24,83.1,120.9,0.048,2,351,0.022,ปกติ
EG0357,2026-09-13,21:15,GYM01,Burapha Fitness,STEP02,เครื่อง Stepper,54,66.3,99.3,0.089,1,431,0.04,ปกติ
EG0515,2026-09-13,21:30,GYM01,Burapha Fitness,BIKE04,จักรยานปั่น,34,47.9,62.8,0.036,2,550,0.016,ปกติ
EG0594,2026-09-13,21:30,GYM01,Burapha Fitness,BIKE07,จักรยานปั่น,55,69.9,76.4,0.07,2,1047,0.032,ปกติ
EG0446,2026-09-14,06:15,GYM03,Bangkok Fit Lab,BIKE06,จักรยานปั่น,29,76.9,93.2,0.045,2,423,0.02,ปกติ
EG0415,2026-09-14,07:30,GYM02,Chonburi Active,ELLIP08,เครื่อง Elliptical,42,77.3,104.1,0.073,2,606,0.033,ปกติ
EG0141,2026-09-14,07:45,GYM03,Bangkok Fit Lab,ROW08,เครื่องพาย,32,60.6,113.5,0.061,1,257,0.027,ปกติ
EG0625,2026-09-14,08:00,GYM02,Chonburi Active,BIKE01,จักรยานปั่น,27,78.7,97.1,0.044,2,287,0.02,ปกติ
EG0913,2026-09-14,08:30,GYM02,Chonburi Active,STEP06,เครื่อง Stepper,35,79.5,103.1,0.06,2,562,0.027,ปกติ
EG0228,2026-09-14,10:00,GYM02,Chonburi Active,BIKE05,จักรยานปั่น,19,47.9,66.0,0.021,2,301,0.009,ปกติ
EG0972,2026-09-14,10:15,GYM03,Bangkok Fit Lab,ROW01,เครื่องพาย,26,53.4,87.9,0.038,1,259,0.017,ปกติ
EG0347,2026-09-14,10:45,GYM02,Chonburi Active,TREAD10,ลู่วิ่ง,33,66.1,115.3,0.063,2,552,0.028,ปกติ
EG0372,2026-09-14,10:45,GYM01,Burapha Fitness,BIKE01,จักรยานปั่น,27,66.9,81.5,0.037,1,211,0.017,ปกติ
EG0793,2026-09-14,11:00,GYM02,Chonburi Active,TREAD09,ลู่วิ่ง,39,76.1,135.6,0.088,2,608,0.04,ปกติ
EG0596,2026-09-14,11:15,GYM02,Chonburi Active,ELLIP02,เครื่อง Elliptical,36,41.6,61.7,0.037,2,469,0.017,ปกติ
EG0853,2026-09-14,12:15,GYM01,Burapha Fitness,STEP06,เครื่อง Stepper,42,50.7,71.4,0.05,1,312,0.023,ปกติ
EG0190,2026-09-14,13:00,GYM01,Burapha Fitness,ELLIP08,เครื่อง Elliptical,18,50.4,71.4,0.021,2,282,0.009,ปกติ
EG0387,2026-09-14,13:15,GYM01,Burapha Fitness,ROW01,เครื่องพาย,57,67.8,113.4,0.108,1,369,0.049,ปกติ
EG0944,2026-09-14,13:15,GYM03,Bangkok Fit Lab,ELLIP03,เครื่อง Elliptical,57,71.4,105.3,0.1,2,1022,0.045,ปกติ
EG0222,2026-09-14,14:00,GYM02,Chonburi Active,BIKE01,จักรยานปั่น,38,73.2,92.5,0.059,1,305,0.027,ปกติ
EG0395,2026-09-14,14:15,GYM01,Burapha Fitness,TREAD09,ลู่วิ่ง,45,61.6,105.5,0.079,1,413,0.036,ปกติ
EG0405,2026-09-14,15:00,GYM01,Burapha Fitness,ELLIP06,เครื่อง Elliptical,46,60.7,82.5,0.063,2,817,0.028,ต้องตรวจสอบ
EG0429,2026-09-14,15:00,GYM02,Chonburi Active,ELLIP06,เครื่อง Elliptical,56,65.6,96.2,0.09,2,867,0.04,ปกติ
EG0460,2026-09-14,15:30,GYM01,Burapha Fitness,ELLIP05,เครื่อง Elliptical,44,72.9,102.1,0.075,1,345,0.034,ปกติ
EG0349,2026-09-14,16:15,GYM02,Chonburi Active,STEP09,เครื่อง Stepper,16,46.8,63.3,0.017,1,147,0.008,ปกติ
EG0435,2026-09-14,16:15,GYM01,Burapha Fitness,BIKE07,จักรยานปั่น,22,83.1,89.2,0.033,2,319,0.015,ปกติ
EG0130,2026-09-14,16:45,GYM02,Chonburi Active,BIKE07,จักรยานปั่น,47,70.8,89.6,0.07,2,852,0.032,ปกติ
EG0665,2026-09-14,18:15,GYM01,Burapha Fitness,STEP04,เครื่อง Stepper,44,60.7,88.2,0.065,1,377,0.029,ปกติ
EG0094,2026-09-14,18:45,GYM02,Chonburi Active,TREAD03,ลู่วิ่ง,15,58.1,105.9,0.026,1,148,0.012,ต้องตรวจสอบ
EG0600,2026-09-14,18:45,GYM01,Burapha Fitness,STEP06,เครื่อง Stepper,18,46.7,52.0,0.016,1,136,0.007,ปกติ
EG0006,2026-09-14,19:45,GYM01,Burapha Fitness,ELLIP07,เครื่อง Elliptical,43,52.9,84.4,0.06,1,377,0.027,ปกติ
EG0490,2026-09-14,19:45,GYM03,Bangkok Fit Lab,TREAD06,ลู่วิ่ง,51,71.9,128.0,0.109,1,434,0.049,ปกติ
EG0561,2026-09-14,20:45,GYM03,Bangkok Fit Lab,TREAD01,ลู่วิ่ง,39,56.9,97.8,0.064,1,378,0.029,ปกติ
EG0370,2026-09-14,21:15,GYM01,Burapha Fitness,BIKE01,จักรยานปั่น,32,63.6,77.3,0.041,1,301,0.018,ปกติ
EG0380,2026-09-14,21:15,GYM01,Burapha Fitness,ELLIP03,เครื่อง Elliptical,33,63.2,87.3,0.048,1,209,0.022,ปกติ
EG0550,2026-09-14,21:15,GYM03,Bangkok Fit Lab,ELLIP07,เครื่อง Elliptical,35,79.2,119.7,0.07,1,279,0.032,ปกติ
EG0048,2026-09-14,21:30,GYM02,Chonburi Active,BIKE04,จักรยานปั่น,55,62.4,75.7,0.069,1,488,0.031,ปกติ
EG0312,2026-09-15,06:00,GYM01,Burapha Fitness,STEP07,เครื่อง Stepper,53,83.6,113.2,0.1,1,473,0.045,ปกติ
EG0632,2026-09-15,06:00,GYM03,Bangkok Fit Lab,TREAD06,ลู่วิ่ง,25,81.6,140.0,0.058,2,391,0.026,ปกติ
EG0187,2026-09-15,06:15,GYM03,Bangkok Fit Lab,ELLIP06,เครื่อง Elliptical,21,82.4,111.9,0.039,1,150,0.018,ปกติ
EG0971,2026-09-15,06:15,GYM02,Chonburi Active,BIKE04,จักรยานปั่น,30,58.7,83.9,0.042,2,529,0.019,ปกติ
EG0803,2026-09-15,06:30,GYM02,Chonburi Active,TREAD04,ลู่วิ่ง,59,52.3,86.0,0.085,1,473,0.038,ปกติ
EG0644,2026-09-15,06:45,GYM01,Burapha Fitness,ELLIP01,เครื่อง Elliptical,31,68.1,97.4,0.05,1,253,0.023,ปกติ
EG0950,2026-09-15,07:15,GYM02,Chonburi Active,TREAD02,ลู่วิ่ง,50,58.0,114.9,0.096,2,828,0.043,ปกติ
EG0116,2026-09-15,07:30,GYM03,Bangkok Fit Lab,ELLIP07,เครื่อง Elliptical,41,85.8,130.6,0.089,1,292,0.04,ปกติ
EG0133,2026-09-15,07:30,GYM01,Burapha Fitness,BIKE03,จักรยานปั่น,57,60.4,75.5,0.072,2,884,0.032,ปกติ
EG0900,2026-09-15,07:30,GYM01,Burapha Fitness,ROW05,เครื่องพาย,26,52.3,69.3,0.03,1,171,0.014,ปกติ
EG0949,2026-09-15,08:30,GYM03,Bangkok Fit Lab,TREAD02,ลู่วิ่ง,55,65.6,99.2,0.091,2,826,0.041,ปกติ
EG0867,2026-09-15,09:15,GYM01,Burapha Fitness,BIKE09,จักรยานปั่น,27,64.6,66.9,0.03,1,230,0.014,ปกติ
EG0935,2026-09-15,09:15,GYM01,Burapha Fitness,ELLIP03,เครื่อง Elliptical,33,75.9,109.0,0.06,2,559,0.027,ปกติ
EG0695,2026-09-15,09:30,GYM01,Burapha Fitness,TREAD06,ลู่วิ่ง,37,83.4,150.4,0.093,2,481,0.042,ปกติ
EG0825,2026-09-15,09:45,GYM02,Chonburi Active,ELLIP03,เครื่อง Elliptical,34,55.9,73.0,0.041,2,565,0.018,ปกติ
EG0188,2026-09-15,11:00,GYM02,Chonburi Active,BIKE10,จักรยานปั่น,57,62.9,74.2,0.07,2,898,0.032,ปกติ
EG0485,2026-09-15,11:00,GYM02,Chonburi Active,TREAD08,ลู่วิ่ง,26,63.0,102.9,0.045,1,252,0.02,ปกติ
EG0997,2026-09-15,11:15,GYM03,Bangkok Fit Lab,STEP08,เครื่อง Stepper,55,74.0,104.3,0.096,2,780,0.043,ปกติ
EG0273,2026-09-15,13:00,GYM03,Bangkok Fit Lab,ROW07,เครื่องพาย,47,58.9,92.7,0.073,1,360,0.033,ปกติ
EG0325,2026-09-15,13:30,GYM03,Bangkok Fit Lab,STEP06,เครื่อง Stepper,57,68.2,95.2,0.09,1,456,0.04,ปกติ
EG0341,2026-09-15,13:45,GYM02,Chonburi Active,BIKE10,จักรยานปั่น,55,63.3,84.0,0.077,2,843,0.035,ปกติ
EG0752,2026-09-15,14:30,GYM03,Bangkok Fit Lab,BIKE03,จักรยานปั่น,29,30.0,40.8,0.02,1,258,0.009,ปกติ
EG0299,2026-09-15,15:00,GYM02,Chonburi Active,ELLIP07,เครื่อง Elliptical,17,60.4,86.5,0.025,1,121,0.011,ปกติ
EG0727,2026-09-15,15:45,GYM01,Burapha Fitness,TREAD05,ลู่วิ่ง,24,73.2,125.6,0.05,1,168,0.023,ต้องตรวจสอบ
EG0040,2026-09-15,16:15,GYM02,Chonburi Active,TREAD06,ลู่วิ่ง,40,67.5,108.8,0.073,1,295,0.033,ปกติ
EG0629,2026-09-15,16:30,GYM01,Burapha Fitness,BIKE09,จักรยานปั่น,16,50.9,60.6,0.016,1,110,0.007,ปกติ
EG0653,2026-09-15,16:45,GYM02,Chonburi Active,BIKE02,จักรยานปั่น,37,57.0,75.1,0.046,1,241,0.021,ปกติ
EG0491,2026-09-15,18:30,GYM02,Chonburi Active,BIKE09,จักรยานปั่น,36,59.7,82.6,0.05,2,623,0.023,ปกติ
EG0034,2026-09-15,19:15,GYM03,Bangkok Fit Lab,BIKE01,จักรยานปั่น,30,56.1,68.7,0.034,1,246,0.015,ปกติ
EG0137,2026-09-15,19:30,GYM02,Chonburi Active,STEP04,เครื่อง Stepper,17,46.0,47.9,0.014,1,107,0.006,ปกติ
EG0492,2026-09-15,20:15,GYM02,Chonburi Active,TREAD06,ลู่วิ่ง,20,64.1,109.2,0.036,2,379,0.016,ปกติ
EG0339,2026-09-15,20:30,GYM02,Chonburi Active,BIKE04,จักรยานปั่น,36,73.1,105.4,0.063,2,591,0.028,ปกติ
EG0358,2026-09-15,21:15,GYM02,Chonburi Active,TREAD08,ลู่วิ่ง,32,64.2,105.1,0.056,2,486,0.025,ปกติ
EG0413,2026-09-15,21:30,GYM03,Bangkok Fit Lab,BIKE09,จักรยานปั่น,42,63.5,77.1,0.054,2,677,0.024,ปกติ
EG0762,2026-09-15,21:30,GYM01,Burapha Fitness,ROW08,เครื่องพาย,35,67.7,112.5,0.066,2,493,0.03,ปกติ
EG0614,2026-09-16,06:15,GYM01,Burapha Fitness,TREAD06,ลู่วิ่ง,29,73.7,137.0,0.066,2,409,0.03,ปกติ
EG0732,2026-09-16,06:15,GYM03,Bangkok Fit Lab,ELLIP01,เครื่อง Elliptical,58,91.6,126.4,0.122,2,1065,0.055,ปกติ
EG0009,2026-09-16,06:30,GYM02,Chonburi Active,BIKE06,จักรยานปั่น,24,60.8,73.2,0.029,1,149,0.013,ปกติ
EG0103,2026-09-16,06:30,GYM01,Burapha Fitness,STEP06,เครื่อง Stepper,20,62.2,89.5,0.03,2,339,0.014,ปกติ
EG0230,2026-09-16,06:45,GYM02,Chonburi Active,TREAD07,ลู่วิ่ง,60,77.4,126.1,0.126,1,549,0.057,ปกติ
EG0552,2026-09-16,07:30,GYM03,Bangkok Fit Lab,ELLIP07,เครื่อง Elliptical,33,66.1,107.7,0.059,2,580,0.027,ปกติ
EG0955,2026-09-16,07:30,GYM02,Chonburi Active,STEP06,เครื่อง Stepper,54,58.8,88.8,0.08,2,730,0.036,ปกติ
EG0041,2026-09-16,08:00,GYM01,Burapha Fitness,ELLIP08,เครื่อง Elliptical,57,66.3,110.5,0.105,2,933,0.047,ปกติ
EG0318,2026-09-16,08:00,GYM01,Burapha Fitness,ROW04,เครื่องพาย,19,73.0,126.0,0.04,1,134,0.018,ปกติ
EG0465,2026-09-16,09:00,GYM03,Bangkok Fit Lab,STEP07,เครื่อง Stepper,42,71.9,103.0,0.072,2,657,0.032,ปกติ
EG0010,2026-09-16,09:30,GYM03,Bangkok Fit Lab,TREAD09,ลู่วิ่ง,55,67.4,123.5,0.113,2,1031,0.051,ปกติ
EG0772,2026-09-16,09:30,GYM03,Bangkok Fit Lab,ROW09,เครื่องพาย,49,54.0,87.5,0.071,2,818,0.032,ปกติ
EG0830,2026-09-16,10:00,GYM02,Chonburi Active,TREAD06,ลู่วิ่ง,59,77.3,122.8,0.121,2,879,0.054,ปกติ
EG0987,2026-09-16,10:45,GYM02,Chonburi Active,ROW03,เครื่องพาย,33,79.7,137.4,0.076,1,264,0.034,ปกติ
EG0286,2026-09-16,11:00,GYM01,Burapha Fitness,TREAD05,ลู่วิ่ง,25,67.2,108.0,0.045,2,454,0.02,ปกติ
EG0682,2026-09-16,12:00,GYM01,Burapha Fitness,STEP06,เครื่อง Stepper,52,70.9,85.5,0.074,1,496,0.033,ปกติ
EG0392,2026-09-16,13:15,GYM02,Chonburi Active,BIKE06,จักรยานปั่น,16,72.7,91.6,0.024,2,316,0.011,ปกติ
EG0451,2026-09-16,13:30,GYM03,Bangkok Fit Lab,TREAD08,ลู่วิ่ง,26,65.1,107.9,0.047,2,314,0.021,ปกติ
EG0108,2026-09-16,15:00,GYM03,Bangkok Fit Lab,ROW05,เครื่องพาย,49,54.7,93.8,0.077,1,541,0.035,ปกติ
EG0109,2026-09-16,15:45,GYM01,Burapha Fitness,ELLIP08,เครื่อง Elliptical,35,41.8,61.7,0.036,1,310,0.016,ปกติ
EG0216,2026-09-16,16:30,GYM01,Burapha Fitness,BIKE10,จักรยานปั่น,26,54.6,73.4,0.032,2,451,0.014,ปกติ
EG0200,2026-09-16,17:15,GYM03,Bangkok Fit Lab,BIKE01,จักรยานปั่น,35,62.2,71.6,0.042,1,214,0.019,ปกติ
EG0921,2026-09-16,18:00,GYM03,Bangkok Fit Lab,ELLIP08,เครื่อง Elliptical,59,77.8,117.7,0.116,1,443,0.052,ปกติ
EG0305,2026-09-16,19:00,GYM03,Bangkok Fit Lab,ELLIP02,เครื่อง Elliptical,48,47.2,61.4,0.049,1,435,0.022,ปกติ
EG0975,2026-09-16,19:45,GYM01,Burapha Fitness,TREAD04,ลู่วิ่ง,28,46.6,76.2,0.036,1,203,0.016,ปกติ
EG0455,2026-09-16,20:30,GYM01,Burapha Fitness,BIKE04,จักรยานปั่น,46,64.9,74.3,0.057,1,431,0.026,ปกติ
EG0189,2026-09-16,21:30,GYM02,Chonburi Active,TREAD02,ลู่วิ่ง,38,53.7,77.1,0.049,2,728,0.022,ปกติ
EG0090,2026-09-17,06:00,GYM02,Chonburi Active,BIKE05,จักรยานปั่น,21,72.3,85.4,0.03,2,329,0.014,ปกติ
EG0961,2026-09-17,06:00,GYM01,Burapha Fitness,BIKE04,จักรยานปั่น,47,62.1,82.9,0.065,2,737,0.029,ปกติ
EG0960,2026-09-17,06:30,GYM03,Bangkok Fit Lab,ROW09,เครื่องพาย,54,63.0,95.7,0.086,2,846,0.039,ต้องตรวจสอบ
EG0383,2026-09-17,06:45,GYM02,Chonburi Active,STEP02,เครื่อง Stepper,54,60.4,79.9,0.072,1,415,0.032,ปกติ
EG0422,2026-09-17,06:45,GYM03,Bangkok Fit Lab,TREAD04,ลู่วิ่ง,17,86.0,141.7,0.04,2,294,0.018,ปกติ
EG0060,2026-09-17,07:00,GYM01,Burapha Fitness,ELLIP09,เครื่อง Elliptical,29,77.0,118.7,0.057,2,370,0.026,ปกติ
EG0889,2026-09-17,07:15,GYM01,Burapha Fitness,ROW04,เครื่องพาย,30,65.0,109.4,0.055,1,265,0.025,ปกติ
EG0779,2026-09-17,07:30,GYM03,Bangkok Fit Lab,BIKE08,จักรยานปั่น,54,50.3,52.8,0.048,2,982,0.022,ปกติ
EG0941,2026-09-17,08:15,GYM01,Burapha Fitness,BIKE09,จักรยานปั่น,18,60.3,70.8,0.021,2,249,0.009,ปกติ
EG0836,2026-09-17,08:45,GYM02,Chonburi Active,ELLIP06,เครื่อง Elliptical,47,66.4,94.0,0.074,2,706,0.033,ปกติ
EG0560,2026-09-17,09:15,GYM02,Chonburi Active,STEP06,เครื่อง Stepper,57,54.1,81.2,0.077,1,489,0.035,ปกติ
EG0648,2026-09-17,09:30,GYM02,Chonburi Active,ROW03,เครื่องพาย,57,70.1,110.4,0.105,2,896,0.047,ปกติ
EG0766,2026-09-17,09:45,GYM02,Chonburi Active,TREAD05,ลู่วิ่ง,23,61.0,90.0,0.034,1,170,0.015,ปกติ
EG0307,2026-09-17,10:00,GYM02,Chonburi Active,ROW02,เครื่องพาย,15,65.9,109.7,0.027,2,251,0.012,ปกติ
EG0686,2026-09-17,10:45,GYM02,Chonburi Active,STEP05,เครื่อง Stepper,29,57.6,77.3,0.037,1,243,0.017,ปกติ
EG0573,2026-09-17,11:15,GYM02,Chonburi Active,ROW09,เครื่องพาย,26,49.4,72.3,0.031,2,461,0.014,ปกติ
EG0851,2026-09-17,12:30,GYM01,Burapha Fitness,TREAD03,ลู่วิ่ง,53,48.3,79.0,0.07,1,443,0.032,ปกติ
EG0533,2026-09-17,12:45,GYM03,Bangkok Fit Lab,ROW06,เครื่องพาย,25,58.3,84.9,0.035,1,215,0.016,ปกติ
EG0454,2026-09-17,14:00,GYM03,Bangkok Fit Lab,ELLIP04,เครื่อง Elliptical,32,71.2,121.2,0.065,2,416,0.029,ปกติ
EG0091,2026-09-17,14:30,GYM01,Burapha Fitness,STEP01,เครื่อง Stepper,23,75.0,99.8,0.038,1,186,0.017,ปกติ
EG0821,2026-09-17,14:30,GYM03,Bangkok Fit Lab,BIKE02,จักรยานปั่น,39,51.6,64.6,0.042,2,649,0.019,ปกติ
EG0352,2026-09-17,14:45,GYM03,Bangkok Fit Lab,ELLIP05,เครื่อง Elliptical,29,37.6,60.6,0.029,2,392,0.013,ปกติ
EG0909,2026-09-17,14:45,GYM01,Burapha Fitness,TREAD09,ลู่วิ่ง,31,79.7,128.1,0.066,1,311,0.03,ปกติ
EG0478,2026-09-17,15:00,GYM02,Chonburi Active,ROW01,เครื่องพาย,46,57.3,83.3,0.064,1,410,0.029,ปกติ
EG0556,2026-09-17,15:45,GYM02,Chonburi Active,BIKE02,จักรยานปั่น,33,63.5,74.7,0.041,2,538,0.018,ปกติ
EG0583,2026-09-17,15:45,GYM02,Chonburi Active,ELLIP06,เครื่อง Elliptical,32,73.6,97.7,0.052,1,231,0.023,ปกติ
EG0547,2026-09-17,16:15,GYM01,Burapha Fitness,ROW04,เครื่องพาย,17,52.0,81.7,0.023,1,149,0.01,ปกติ
EG0917,2026-09-17,16:15,GYM01,Burapha Fitness,STEP07,เครื่อง Stepper,20,75.4,102.3,0.034,2,331,0.015,ปกติ
EG0585,2026-09-17,16:30,GYM02,Chonburi Active,STEP09,เครื่อง Stepper,32,58.0,89.1,0.048,2,541,0.022,ปกติ
EG0828,2026-09-17,16:45,GYM01,Burapha Fitness,STEP05,เครื่อง Stepper,18,41.5,54.4,0.016,1,131,0.007,ปกติ
EG0767,2026-09-17,17:15,GYM03,Bangkok Fit Lab,ROW09,เครื่องพาย,26,73.6,115.6,0.05,1,193,0.023,ปกติ
EG0873,2026-09-17,17:45,GYM02,Chonburi Active,TREAD07,ลู่วิ่ง,54,55.1,96.2,0.087,1,399,0.039,ปกติ
EG0962,2026-09-17,17:45,GYM02,Chonburi Active,TREAD02,ลู่วิ่ง,26,73.2,123.5,0.054,2,310,0.024,ปกติ
EG0631,2026-09-17,19:00,GYM03,Bangkok Fit Lab,ROW02,เครื่องพาย,40,60.9,108.8,0.073,2,535,0.033,ปกติ
EG0562,2026-09-17,19:15,GYM01,Burapha Fitness,BIKE10,จักรยานปั่น,34,52.6,70.9,0.04,2,516,0.018,ปกติ
EG0079,2026-09-17,19:30,GYM02,Chonburi Active,BIKE01,จักรยานปั่น,35,68.1,89.8,0.052,2,531,0.023,ปกติ
EG0124,2026-09-17,20:15,GYM01,Burapha Fitness,ROW06,เครื่องพาย,34,62.3,113.4,0.064,2,581,0.029,ต้องตรวจสอบ
EG0149,2026-09-17,20:15,GYM01,Burapha Fitness,STEP06,เครื่อง Stepper,60,59.2,83.6,0.084,2,552,0.038,ปกติ
EG0700,2026-09-17,21:45,GYM02,Chonburi Active,ELLIP02,เครื่อง Elliptical,43,61.1,77.0,0.055,2,588,0.025,ปกติ
EG0461,2026-09-18,06:00,GYM01,Burapha Fitness,TREAD04,ลู่วิ่ง,15,65.3,110.4,0.028,1,147,0.013,ปกติ
EG0265,2026-09-18,06:45,GYM03,Bangkok Fit Lab,BIKE09,จักรยานปั่น,35,58.8,72.6,0.042,2,589,0.019,ปกติ
EG0192,2026-09-18,08:15,GYM03,Bangkok Fit Lab,ELLIP09,เครื่อง Elliptical,29,43.0,62.2,0.03,1,245,0.014,ปกติ
EG0635,2026-09-18,09:30,GYM01,Burapha Fitness,STEP01,เครื่อง Stepper,54,76.0,109.7,0.099,2,894,0.045,ปกติ
EG0641,2026-09-18,09:30,GYM01,Burapha Fitness,ELLIP06,เครื่อง Elliptical,54,30.0,61.5,0.055,2,828,0.025,ปกติ
EG0666,2026-09-18,09:45,GYM01,Burapha Fitness,STEP06,เครื่อง Stepper,60,36.1,43.1,0.043,2,943,0.019,ปกติ
EG0300,2026-09-18,10:00,GYM01,Burapha Fitness,ELLIP04,เครื่อง Elliptical,24,54.6,73.6,0.029,1,166,0.013,ปกติ
EG0359,2026-09-18,10:15,GYM03,Bangkok Fit Lab,BIKE01,จักรยานปั่น,16,40.0,51.2,0.014,2,233,0.006,ปกติ
EG0799,2026-09-18,10:30,GYM02,Chonburi Active,BIKE09,จักรยานปั่น,44,72.1,85.9,0.063,2,681,0.028,ปกติ
EG0758,2026-09-18,10:45,GYM02,Chonburi Active,TREAD04,ลู่วิ่ง,54,38.5,46.5,0.042,2,983,0.019,ปกติ
EG0976,2026-09-18,10:45,GYM01,Burapha Fitness,STEP05,เครื่อง Stepper,59,58.1,81.0,0.08,1,455,0.036,ปกติ
EG0940,2026-09-18,11:00,GYM02,Chonburi Active,BIKE03,จักรยานปั่น,51,73.1,99.3,0.084,1,364,0.038,ปกติ
EG0532,2026-09-18,12:30,GYM03,Bangkok Fit Lab,ELLIP09,เครื่อง Elliptical,35,30.0,52.2,0.03,2,566,0.014,ปกติ
EG1000,2026-09-18,12:30,GYM02,Chonburi Active,TREAD07,ลู่วิ่ง,48,42.8,67.3,0.054,1,382,0.024,ปกติ
EG0070,2026-09-18,13:00,GYM03,Bangkok Fit Lab,TREAD09,ลู่วิ่ง,43,64.8,111.4,0.08,2,738,0.036,ปกติ
EG0029,2026-09-18,13:30,GYM02,Chonburi Active,TREAD08,ลู่วิ่ง,17,42.4,75.2,0.021,1,103,0.009,ปกติ
EG0167,2026-09-18,14:45,GYM01,Burapha Fitness,ROW03,เครื่องพาย,51,74.0,119.8,0.102,2,635,0.046,ปกติ
EG0710,2026-09-18,15:15,GYM02,Chonburi Active,ELLIP05,เครื่อง Elliptical,40,59.8,89.2,0.059,1,358,0.027,ปกติ
EG0205,2026-09-18,15:45,GYM02,Chonburi Active,TREAD03,ลู่วิ่ง,35,59.1,99.6,0.058,1,227,0.026,ปกติ
EG0053,2026-09-18,16:00,GYM03,Bangkok Fit Lab,STEP10,เครื่อง Stepper,49,77.6,98.2,0.08,1,371,0.036,ปกติ
EG0876,2026-09-18,18:00,GYM01,Burapha Fitness,ELLIP01,เครื่อง Elliptical,23,61.8,86.1,0.033,2,320,0.015,ปกติ
EG0634,2026-09-18,18:45,GYM02,Chonburi Active,ROW01,เครื่องพาย,58,79.8,124.0,0.12,1,493,0.054,ปกติ
EG0781,2026-09-18,19:15,GYM02,Chonburi Active,BIKE01,จักรยานปั่น,59,43.8,58.5,0.058,1,472,0.026,ปกติ
EG0946,2026-09-18,19:45,GYM01,Burapha Fitness,TREAD02,ลู่วิ่ง,27,73.3,114.9,0.052,1,278,0.023,ปกติ
EG0023,2026-09-18,20:15,GYM01,Burapha Fitness,STEP06,เครื่อง Stepper,40,51.2,63.2,0.042,2,716,0.019,ปกติ
EG0035,2026-09-18,21:30,GYM03,Bangkok Fit Lab,BIKE07,จักรยานปั่น,16,74.9,81.4,0.022,2,254,0.01,ปกติ
EG0818,2026-09-18,21:30,GYM02,Chonburi Active,ROW02,เครื่องพาย,45,65.4,95.0,0.071,2,760,0.032,ปกติ
EG0849,2026-09-19,06:45,GYM02,Chonburi Active,STEP03,เครื่อง Stepper,40,82.2,107.5,0.072,1,279,0.032,ปกติ
EG0643,2026-09-19,07:00,GYM01,Burapha Fitness,TREAD04,ลู่วิ่ง,44,62.9,112.2,0.082,2,633,0.037,ปกติ
EG0661,2026-09-19,07:00,GYM02,Chonburi Active,ELLIP07,เครื่อง Elliptical,45,74.2,95.2,0.071,2,790,0.032,ปกติ
EG0378,2026-09-19,08:00,GYM01,Burapha Fitness,TREAD08,ลู่วิ่ง,43,66.6,109.0,0.078,1,351,0.035,ปกติ
EG0494,2026-09-19,08:15,GYM01,Burapha Fitness,BIKE05,จักรยานปั่น,46,67.4,96.6,0.074,2,650,0.033,ปกติ
EG0224,2026-09-19,09:00,GYM02,Chonburi Active,STEP09,เครื่อง Stepper,59,47.6,72.7,0.071,1,268,0.032,ปกติ
EG0110,2026-09-19,09:45,GYM01,Burapha Fitness,BIKE03,จักรยานปั่น,39,84.7,94.4,0.061,2,645,0.027,ปกติ
EG0893,2026-09-19,09:45,GYM03,Bangkok Fit Lab,ROW09,เครื่องพาย,26,73.3,131.7,0.057,2,367,0.026,ต้องตรวจสอบ
EG0667,2026-09-19,10:30,GYM01,Burapha Fitness,BIKE02,จักรยานปั่น,34,48.9,50.7,0.029,1,281,0.013,ปกติ
EG0597,2026-09-19,10:45,GYM02,Chonburi Active,BIKE09,จักรยานปั่น,33,51.7,64.9,0.036,1,284,0.016,ปกติ
EG0798,2026-09-19,11:30,GYM02,Chonburi Active,BIKE08,จักรยานปั่น,42,53.7,61.4,0.043,2,541,0.019,ปกติ
EG0919,2026-09-19,11:30,GYM03,Bangkok Fit Lab,TREAD03,ลู่วิ่ง,52,74.6,122.0,0.106,1,377,0.048,ปกติ
EG0298,2026-09-19,11:45,GYM01,Burapha Fitness,BIKE05,จักรยานปั่น,33,76.2,88.9,0.049,2,606,0.022,ปกติ
EG0948,2026-09-19,12:30,GYM03,Bangkok Fit Lab,BIKE07,จักรยานปั่น,31,43.5,46.6,0.024,2,247,0.011,ปกติ
EG0754,2026-09-19,13:00,GYM01,Burapha Fitness,BIKE08,จักรยานปั่น,27,57.8,71.0,0.032,1,250,0.014,ปกติ
EG0412,2026-09-19,13:15,GYM03,Bangkok Fit Lab,BIKE10,จักรยานปั่น,21,62.4,80.0,0.028,1,152,0.013,ปกติ
EG0939,2026-09-19,13:15,GYM01,Burapha Fitness,TREAD06,ลู่วิ่ง,52,50.5,88.6,0.077,1,462,0.035,ปกติ
EG0123,2026-09-19,13:45,GYM01,Burapha Fitness,STEP06,เครื่อง Stepper,56,62.0,85.2,0.08,1,384,0.036,ปกติ
EG0860,2026-09-19,14:15,GYM01,Burapha Fitness,ROW07,เครื่องพาย,53,78.2,121.4,0.107,1,416,0.048,ปกติ
EG0360,2026-09-19,14:30,GYM02,Chonburi Active,ELLIP07,เครื่อง Elliptical,46,64.5,90.8,0.07,2,519,0.032,ปกติ
EG0942,2026-09-19,14:30,GYM02,Chonburi Active,TREAD01,ลู่วิ่ง,36,58.9,99.6,0.06,1,270,0.027,ปกติ
EG0061,2026-09-19,15:15,GYM02,Chonburi Active,STEP02,เครื่อง Stepper,41,69.2,93.3,0.064,2,730,0.029,ปกติ
EG0588,2026-09-19,15:15,GYM01,Burapha Fitness,TREAD04,ลู่วิ่ง,35,64.4,118.5,0.069,2,518,0.031,ปกติ
EG0605,2026-09-19,15:30,GYM01,Burapha Fitness,BIKE01,จักรยานปั่น,36,59.9,76.3,0.046,1,309,0.021,ปกติ
EG0882,2026-09-19,15:45,GYM02,Chonburi Active,STEP08,เครื่อง Stepper,47,70.8,87.9,0.069,1,411,0.031,ปกติ
EG0652,2026-09-19,16:00,GYM02,Chonburi Active,TREAD04,ลู่วิ่ง,41,50.3,88.6,0.061,1,272,0.027,ปกติ
EG0965,2026-09-19,16:00,GYM01,Burapha Fitness,ELLIP09,เครื่อง Elliptical,30,55.4,69.1,0.035,1,231,0.016,ปกติ
EG0501,2026-09-19,16:15,GYM02,Chonburi Active,TREAD07,ลู่วิ่ง,60,70.4,112.1,0.112,2,777,0.05,ปกติ
EG0171,2026-09-19,16:45,GYM02,Chonburi Active,ELLIP03,เครื่อง Elliptical,16,52.6,83.5,0.022,1,91,0.01,ปกติ
EG0506,2026-09-19,16:45,GYM01,Burapha Fitness,TREAD03,ลู่วิ่ง,27,47.8,79.1,0.036,1,223,0.016,ปกติ
EG0399,2026-09-19,17:15,GYM03,Bangkok Fit Lab,ELLIP01,เครื่อง Elliptical,50,62.4,91.8,0.076,2,580,0.034,ปกติ
EG0062,2026-09-19,17:30,GYM01,Burapha Fitness,STEP01,เครื่อง Stepper,24,57.2,71.9,0.029,1,203,0.013,ปกติ
EG0540,2026-09-19,17:30,GYM01,Burapha Fitness,TREAD08,ลู่วิ่ง,38,68.3,106.9,0.068,2,444,0.031,ปกติ
EG0169,2026-09-19,18:00,GYM01,Burapha Fitness,BIKE10,จักรยานปั่น,32,61.8,76.4,0.041,2,383,0.018,ปกติ
EG0267,2026-09-19,18:15,GYM02,Chonburi Active,TREAD04,ลู่วิ่ง,51,79.2,161.8,0.138,2,849,0.062,ปกติ
EG0394,2026-09-19,18:45,GYM03,Bangkok Fit Lab,TREAD06,ลู่วิ่ง,42,50.8,79.4,0.056,2,846,0.025,ปกติ
EG0396,2026-09-19,18:45,GYM03,Bangkok Fit Lab,ROW10,เครื่องพาย,48,54.9,90.7,0.073,1,331,0.033,ปกติ
EG0871,2026-09-19,20:15,GYM02,Chonburi Active,ROW03,เครื่องพาย,35,68.8,119.6,0.07,1,311,0.032,ปกติ
EG0999,2026-09-19,20:30,GYM03,Bangkok Fit Lab,BIKE04,จักรยานปั่น,40,84.5,101.2,0.067,2,594,0.03,ปกติ
EG0844,2026-09-19,20:45,GYM03,Bangkok Fit Lab,ELLIP03,เครื่อง Elliptical,59,74.9,116.4,0.114,2,1015,0.051,ปกติ
EG0918,2026-09-19,21:45,GYM03,Bangkok Fit Lab,ELLIP05,เครื่อง Elliptical,36,81.1,124.9,0.075,1,252,0.034,ปกติ
EG0911,2026-09-20,06:00,GYM02,Chonburi Active,TREAD09,ลู่วิ่ง,46,47.1,71.9,0.055,1,280,0.025,ปกติ
EG0503,2026-09-20,06:15,GYM01,Burapha Fitness,BIKE08,จักรยานปั่น,43,59.9,80.8,0.058,1,323,0.026,ปกติ
EG0566,2026-09-20,06:30,GYM02,Chonburi Active,TREAD08,ลู่วิ่ง,25,55.7,101.7,0.042,1,167,0.019,ปกติ
EG0139,2026-09-20,07:00,GYM02,Chonburi Active,TREAD03,ลู่วิ่ง,25,80.9,130.8,0.055,1,175,0.025,ปกติ
EG0633,2026-09-20,07:00,GYM02,Chonburi Active,ELLIP04,เครื่อง Elliptical,22,66.6,100.8,0.037,1,216,0.017,ปกติ
EG0316,2026-09-20,08:45,GYM02,Chonburi Active,ELLIP06,เครื่อง Elliptical,21,74.3,92.4,0.032,2,282,0.014,ปกติ
EG0329,2026-09-20,09:00,GYM02,Chonburi Active,ELLIP09,เครื่อง Elliptical,43,37.8,50.2,0.036,1,270,0.016,ปกติ
EG0414,2026-09-20,09:30,GYM02,Chonburi Active,BIKE02,จักรยานปั่น,23,53.2,58.4,0.022,2,397,0.01,ปกติ
EG0252,2026-09-20,10:45,GYM02,Chonburi Active,TREAD01,ลู่วิ่ง,44,58.6,99.6,0.073,1,426,0.033,ปกติ
EG0496,2026-09-20,11:15,GYM02,Chonburi Active,ELLIP08,เครื่อง Elliptical,29,59.7,88.8,0.043,1,200,0.019,ปกติ
EG0131,2026-09-20,12:00,GYM02,Chonburi Active,ROW07,เครื่องพาย,60,63.9,103.4,0.103,2,1027,0.046,ปกติ
EG0159,2026-09-20,12:15,GYM01,Burapha Fitness,STEP08,เครื่อง Stepper,31,55.2,75.2,0.039,1,230,0.018,ปกติ
EG0554,2026-09-20,13:00,GYM02,Chonburi Active,STEP10,เครื่อง Stepper,18,78.4,104.6,0.031,2,284,0.014,ปกติ
EG0958,2026-09-20,13:00,GYM01,Burapha Fitness,TREAD10,ลู่วิ่ง,56,51.0,78.1,0.073,2,899,0.033,ต้องตรวจสอบ
EG0263,2026-09-20,13:45,GYM01,Burapha Fitness,TREAD10,ลู่วิ่ง,31,55.9,90.6,0.047,1,234,0.021,ปกติ
EG0382,2026-09-20,13:45,GYM02,Chonburi Active,TREAD08,ลู่วิ่ง,28,68.6,89.8,0.042,1,238,0.019,ปกติ
EG0295,2026-09-20,14:00,GYM01,Burapha Fitness,ROW03,เครื่องพาย,23,72.2,107.2,0.041,1,223,0.018,ปกติ
EG0466,2026-09-20,14:00,GYM02,Chonburi Active,BIKE06,จักรยานปั่น,35,76.7,100.7,0.059,1,265,0.027,ปกติ
EG0827,2026-09-20,14:30,GYM01,Burapha Fitness,BIKE07,จักรยานปั่น,36,66.0,85.0,0.051,2,522,0.023,ปกติ
EG0022,2026-09-20,14:45,GYM01,Burapha Fitness,TREAD04,ลู่วิ่ง,32,43.6,70.4,0.038,1,331,0.017,ปกติ
EG0163,2026-09-20,14:45,GYM02,Chonburi Active,TREAD02,ลู่วิ่ง,39,65.1,106.6,0.069,2,654,0.031,ปกติ
EG0753,2026-09-20,15:00,GYM02,Chonburi Active,BIKE08,จักรยานปั่น,53,63.3,79.5,0.07,2,843,0.032,ปกติ
EG0427,2026-09-20,15:15,GYM02,Chonburi Active,BIKE04,จักรยานปั่น,51,64.8,84.8,0.072,2,643,0.032,ปกติ
EG0195,2026-09-20,15:45,GYM01,Burapha Fitness,BIKE04,จักรยานปั่น,28,68.3,79.0,0.037,2,514,0.017,ปกติ
EG0348,2026-09-20,15:45,GYM01,Burapha Fitness,TREAD03,ลู่วิ่ง,33,85.9,145.4,0.08,2,482,0.036,ปกติ
EG0402,2026-09-20,17:45,GYM03,Bangkok Fit Lab,BIKE06,จักรยานปั่น,51,84.2,108.8,0.092,1,426,0.041,ปกติ
EG0674,2026-09-20,17:45,GYM02,Chonburi Active,ROW10,เครื่องพาย,33,47.6,79.7,0.044,2,543,0.02,ปกติ
EG0647,2026-09-20,18:15,GYM02,Chonburi Active,BIKE09,จักรยานปั่น,60,83.2,115.4,0.115,2,965,0.052,ปกติ
EG0924,2026-09-20,19:45,GYM03,Bangkok Fit Lab,TREAD01,ลู่วิ่ง,49,77.6,144.2,0.118,1,354,0.053,ปกติ
EG0127,2026-09-20,20:00,GYM03,Bangkok Fit Lab,BIKE04,จักรยานปั่น,53,43.7,54.4,0.048,2,653,0.022,ปกติ
EG0773,2026-09-20,20:00,GYM01,Burapha Fitness,STEP06,เครื่อง Stepper,32,69.5,94.4,0.05,2,497,0.023,ปกติ
EG0038,2026-09-20,20:45,GYM01,Burapha Fitness,ROW05,เครื่องพาย,52,71.3,116.8,0.101,1,297,0.045,ปกติ
EG0027,2026-09-21,07:30,GYM01,Burapha Fitness,STEP09,เครื่อง Stepper,26,79.4,107.2,0.046,2,411,0.021,ปกติ
EG0277,2026-09-21,07:30,GYM03,Bangkok Fit Lab,BIKE01,จักรยานปั่น,46,60.1,69.6,0.053,1,500,0.024,ปกติ
EG0462,2026-09-21,07:30,GYM02,Chonburi Active,ELLIP05,เครื่อง Elliptical,44,72.5,90.7,0.067,2,585,0.03,ต้องตรวจสอบ
EG0471,2026-09-21,07:45,GYM01,Burapha Fitness,ELLIP09,เครื่อง Elliptical,21,69.3,102.3,0.036,2,480,0.016,ปกติ
EG0293,2026-09-21,08:15,GYM03,Bangkok Fit Lab,ELLIP04,เครื่อง Elliptical,22,64.1,88.5,0.032,2,387,0.014,ปกติ
EG0043,2026-09-21,08:30,GYM01,Burapha Fitness,TREAD03,ลู่วิ่ง,41,47.3,78.6,0.054,2,595,0.024,ปกติ
EG0052,2026-09-21,08:30,GYM03,Bangkok Fit Lab,TREAD05,ลู่วิ่ง,34,66.4,117.4,0.067,1,356,0.03,ปกติ
EG0677,2026-09-21,08:45,GYM01,Burapha Fitness,BIKE10,จักรยานปั่น,48,65.4,76.6,0.061,1,390,0.027,ปกติ
EG0903,2026-09-21,09:00,GYM01,Burapha Fitness,ROW01,เครื่องพาย,54,64.0,107.6,0.097,2,752,0.044,ปกติ
EG0463,2026-09-21,10:15,GYM03,Bangkok Fit Lab,BIKE08,จักรยานปั่น,59,56.9,66.3,0.065,2,864,0.029,ปกติ
EG0943,2026-09-21,10:30,GYM02,Chonburi Active,ROW10,เครื่องพาย,40,65.0,104.8,0.07,2,599,0.032,ต้องตรวจสอบ
EG0287,2026-09-21,11:00,GYM02,Chonburi Active,BIKE07,จักรยานปั่น,28,55.0,65.4,0.031,2,386,0.014,ปกติ
EG0571,2026-09-21,11:00,GYM02,Chonburi Active,ELLIP07,เครื่อง Elliptical,19,60.7,89.6,0.028,1,163,0.013,ปกติ
EG0346,2026-09-21,11:15,GYM02,Chonburi Active,TREAD03,ลู่วิ่ง,43,58.7,100.8,0.072,2,875,0.032,ปกติ
EG0986,2026-09-21,11:30,GYM02,Chonburi Active,BIKE08,จักรยานปั่น,24,69.1,76.4,0.031,1,193,0.014,ปกติ
EG0064,2026-09-21,11:45,GYM02,Chonburi Active,TREAD03,ลู่วิ่ง,47,85.5,149.3,0.117,2,674,0.053,ปกติ
EG0610,2026-09-21,12:00,GYM02,Chonburi Active,ELLIP03,เครื่อง Elliptical,28,62.3,89.9,0.042,1,224,0.019,ปกติ
EG0234,2026-09-21,12:30,GYM02,Chonburi Active,BIKE09,จักรยานปั่น,30,48.7,67.6,0.034,1,286,0.015,ปกติ
EG0587,2026-09-21,13:30,GYM01,Burapha Fitness,ELLIP06,เครื่อง Elliptical,25,70.8,86.4,0.036,1,189,0.016,ปกติ
EG0841,2026-09-21,13:30,GYM01,Burapha Fitness,TREAD02,ลู่วิ่ง,38,63.2,94.5,0.06,2,880,0.027,ปกติ
EG0698,2026-09-21,13:45,GYM02,Chonburi Active,BIKE01,จักรยานปั่น,60,45.9,54.1,0.054,1,352,0.024,ปกติ
EG0895,2026-09-21,13:45,GYM02,Chonburi Active,ELLIP10,เครื่อง Elliptical,59,66.1,85.7,0.084,2,1084,0.038,ปกติ
EG0707,2026-09-21,14:15,GYM01,Burapha Fitness,ELLIP07,เครื่อง Elliptical,46,80.1,124.2,0.095,1,306,0.043,ปกติ
EG0099,2026-09-21,14:30,GYM01,Burapha Fitness,ROW10,เครื่องพาย,60,44.2,70.7,0.071,2,940,0.032,ปกติ
EG0431,2026-09-21,15:30,GYM01,Burapha Fitness,TREAD09,ลู่วิ่ง,56,48.2,85.9,0.08,2,583,0.036,ปกติ
EG0852,2026-09-21,15:45,GYM03,Bangkok Fit Lab,ROW08,เครื่องพาย,51,70.2,103.2,0.088,2,1040,0.04,ปกติ
EG0345,2026-09-21,16:00,GYM02,Chonburi Active,ROW04,เครื่องพาย,28,46.3,73.7,0.034,2,419,0.015,ปกติ
EG0235,2026-09-21,17:00,GYM01,Burapha Fitness,ELLIP10,เครื่อง Elliptical,47,77.4,111.3,0.087,2,870,0.039,ปกติ
EG0342,2026-09-21,17:30,GYM02,Chonburi Active,TREAD09,ลู่วิ่ง,58,60.1,105.5,0.102,1,430,0.046,ปกติ
EG0374,2026-09-21,18:00,GYM02,Chonburi Active,TREAD10,ลู่วิ่ง,29,81.6,133.8,0.065,1,216,0.029,ปกติ
EG0500,2026-09-21,18:30,GYM03,Bangkok Fit Lab,STEP07,เครื่อง Stepper,39,72.0,100.0,0.065,1,320,0.029,ปกติ
EG0572,2026-09-21,18:30,GYM03,Bangkok Fit Lab,BIKE04,จักรยานปั่น,35,74.7,85.8,0.05,2,557,0.023,ปกติ
EG0126,2026-09-21,19:00,GYM02,Chonburi Active,ELLIP02,เครื่อง Elliptical,54,70.1,94.6,0.085,2,914,0.038,ปกติ
EG0855,2026-09-21,19:00,GYM01,Burapha Fitness,STEP06,เครื่อง Stepper,30,67.0,97.8,0.049,1,181,0.022,ปกติ
EG0136,2026-09-21,20:00,GYM01,Burapha Fitness,BIKE03,จักรยานปั่น,25,48.5,56.7,0.024,1,238,0.011,ปกติ
EG0716,2026-09-21,20:15,GYM03,Bangkok Fit Lab,STEP04,เครื่อง Stepper,38,54.3,70.7,0.045,2,390,0.02,ปกติ
EG0071,2026-09-21,20:30,GYM03,Bangkok Fit Lab,TREAD07,ลู่วิ่ง,18,63.2,96.2,0.029,1,194,0.013,ปกติ
EG0183,2026-09-21,20:45,GYM03,Bangkok Fit Lab,ELLIP08,เครื่อง Elliptical,25,51.5,74.9,0.031,1,172,0.014,ปกติ
EG0885,2026-09-21,21:00,GYM03,Bangkok Fit Lab,BIKE03,จักรยานปั่น,58,81.1,109.3,0.106,2,1060,0.048,ปกติ
EG0804,2026-09-21,21:15,GYM02,Chonburi Active,TREAD09,ลู่วิ่ง,48,62.6,94.9,0.076,1,307,0.034,ปกติ
EG0418,2026-09-21,21:45,GYM01,Burapha Fitness,BIKE09,จักรยานปั่น,31,41.5,56.4,0.029,1,298,0.013,ปกติ
EG0898,2026-09-22,06:00,GYM03,Bangkok Fit Lab,BIKE07,จักรยานปั่น,22,58.2,72.5,0.027,1,217,0.012,ปกติ
EG0089,2026-09-22,06:15,GYM03,Bangkok Fit Lab,STEP10,เครื่อง Stepper,18,44.0,63.0,0.019,1,134,0.009,ปกติ
EG0447,2026-09-22,06:45,GYM03,Bangkok Fit Lab,ELLIP04,เครื่อง Elliptical,30,49.8,74.1,0.037,1,241,0.017,ปกติ
EG0138,2026-09-22,07:30,GYM03,Bangkok Fit Lab,TREAD04,ลู่วิ่ง,47,42.6,72.8,0.057,1,423,0.026,ปกติ
EG0530,2026-09-22,07:30,GYM03,Bangkok Fit Lab,ELLIP03,เครื่อง Elliptical,49,53.1,75.5,0.062,1,455,0.028,ปกติ
EG0982,2026-09-22,07:30,GYM03,Bangkok Fit Lab,ROW04,เครื่องพาย,23,61.8,91.2,0.035,1,149,0.016,ปกติ
EG0517,2026-09-22,08:00,GYM02,Chonburi Active,ELLIP08,เครื่อง Elliptical,57,51.1,75.0,0.071,2,658,0.032,ปกติ
EG0076,2026-09-22,08:15,GYM03,Bangkok Fit Lab,TREAD07,ลู่วิ่ง,24,66.9,127.4,0.051,2,432,0.023,ปกติ
EG0113,2026-09-22,09:15,GYM03,Bangkok Fit Lab,BIKE06,จักรยานปั่น,18,68.6,84.7,0.025,1,148,0.011,ต้องตรวจสอบ
EG0736,2026-09-22,09:15,GYM03,Bangkok Fit Lab,STEP05,เครื่อง Stepper,45,44.5,60.7,0.046,1,450,0.021,ปกติ
EG0794,2026-09-22,09:30,GYM02,Chonburi Active,ELLIP02,เครื่อง Elliptical,27,56.1,75.0,0.034,1,177,0.015,ปกติ
EG0391,2026-09-22,09:45,GYM03,Bangkok Fit Lab,BIKE02,จักรยานปั่น,57,62.1,88.9,0.084,1,456,0.038,ปกติ
EG0223,2026-09-22,10:00,GYM01,Burapha Fitness,TREAD09,ลู่วิ่ง,39,45.8,83.7,0.054,1,290,0.024,ปกติ
EG0513,2026-09-22,11:00,GYM03,Bangkok Fit Lab,STEP01,เครื่อง Stepper,52,54.4,77.2,0.067,1,453,0.03,ปกติ
EG0977,2026-09-22,11:00,GYM02,Chonburi Active,BIKE07,จักรยานปั่น,39,57.6,64.0,0.042,1,359,0.019,ปกติ
EG0280,2026-09-22,11:45,GYM03,Bangkok Fit Lab,TREAD05,ลู่วิ่ง,24,60.7,96.2,0.038,2,358,0.017,ปกติ
EG0831,2026-09-22,11:45,GYM01,Burapha Fitness,STEP08,เครื่อง Stepper,56,69.8,91.7,0.086,2,651,0.039,ปกติ
EG0902,2026-09-22,12:45,GYM01,Burapha Fitness,BIKE05,จักรยานปั่น,57,68.4,81.4,0.077,1,418,0.035,ปกติ
EG0132,2026-09-22,13:00,GYM01,Burapha Fitness,TREAD03,ลู่วิ่ง,19,58.3,103.1,0.033,2,248,0.015,ปกติ
EG0904,2026-09-22,13:15,GYM02,Chonburi Active,BIKE09,จักรยานปั่น,56,66.9,86.4,0.081,1,505,0.036,ปกติ
EG0498,2026-09-22,13:30,GYM01,Burapha Fitness,TREAD01,ลู่วิ่ง,60,46.2,75.5,0.076,1,527,0.034,ปกติ
EG0011,2026-09-22,14:45,GYM01,Burapha Fitness,BIKE02,จักรยานปั่น,22,67.0,78.7,0.029,2,317,0.013,ปกติ
EG0577,2026-09-22,15:15,GYM01,Burapha Fitness,BIKE05,จักรยานปั่น,52,45.0,66.7,0.058,1,481,0.026,ปกติ
EG0979,2026-09-22,16:00,GYM02,Chonburi Active,STEP04,เครื่อง Stepper,17,71.4,95.1,0.027,1,115,0.012,ปกติ
EG0708,2026-09-22,16:30,GYM03,Bangkok Fit Lab,BIKE02,จักรยานปั่น,50,48.4,54.9,0.046,1,470,0.021,ปกติ
EG0892,2026-09-22,16:45,GYM03,Bangkok Fit Lab,TREAD05,ลู่วิ่ง,29,48.4,88.2,0.043,1,230,0.019,ปกติ
EG0306,2026-09-22,18:45,GYM03,Bangkok Fit Lab,STEP06,เครื่อง Stepper,27,68.3,83.6,0.038,1,213,0.017,ปกติ
EG0488,2026-09-22,19:00,GYM01,Burapha Fitness,ELLIP05,เครื่อง Elliptical,22,50.8,79.5,0.029,1,181,0.013,ปกติ
EG0102,2026-09-22,20:15,GYM02,Chonburi Active,STEP01,เครื่อง Stepper,46,74.3,115.7,0.089,1,385,0.04,ปกติ
EG0840,2026-09-22,20:45,GYM02,Chonburi Active,BIKE03,จักรยานปั่น,31,53.9,53.6,0.028,2,489,0.013,ปกติ
EG0668,2026-09-22,21:00,GYM01,Burapha Fitness,STEP04,เครื่อง Stepper,53,54.4,70.8,0.063,2,837,0.028,ปกติ
EG0878,2026-09-22,21:30,GYM02,Chonburi Active,TREAD09,ลู่วิ่ง,58,57.1,99.6,0.096,1,466,0.043,ปกติ
EG0334,2026-09-23,06:15,GYM01,Burapha Fitness,STEP04,เครื่อง Stepper,39,54.9,70.8,0.046,1,240,0.021,ปกติ
EG0714,2026-09-23,06:15,GYM02,Chonburi Active,TREAD04,ลู่วิ่ง,32,71.9,118.3,0.063,2,492,0.028,ปกติ
EG0056,2026-09-23,07:00,GYM03,Bangkok Fit Lab,TREAD05,ลู่วิ่ง,48,56.5,93.7,0.075,2,833,0.034,ปกติ
EG0508,2026-09-23,07:00,GYM03,Bangkok Fit Lab,ELLIP03,เครื่อง Elliptical,32,55.6,73.4,0.039,2,459,0.018,ปกติ
EG0591,2026-09-23,07:00,GYM01,Burapha Fitness,ELLIP10,เครื่อง Elliptical,37,39.4,59.7,0.037,2,565,0.017,ปกติ
EG0244,2026-09-23,08:00,GYM02,Chonburi Active,ROW02,เครื่องพาย,19,72.4,120.6,0.038,1,165,0.017,ปกติ
EG0626,2026-09-23,08:15,GYM02,Chonburi Active,ELLIP09,เครื่อง Elliptical,16,54.1,64.3,0.017,2,328,0.008,ต้องตรวจสอบ
EG0729,2026-09-23,08:30,GYM01,Burapha Fitness,ROW07,เครื่องพาย,60,64.2,103.1,0.103,1,475,0.046,ปกติ
EG0926,2026-09-23,08:30,GYM01,Burapha Fitness,BIKE08,จักรยานปั่น,38,72.3,72.9,0.046,2,607,0.021,ปกติ
EG0365,2026-09-23,09:00,GYM03,Bangkok Fit Lab,ROW05,เครื่องพาย,54,47.0,82.4,0.074,2,982,0.033,ปกติ
EG0212,2026-09-23,10:15,GYM02,Chonburi Active,TREAD01,ลู่วิ่ง,18,60.3,105.4,0.032,1,118,0.014,ปกติ
EG0164,2026-09-23,11:15,GYM02,Chonburi Active,ROW08,เครื่องพาย,53,44.8,73.9,0.065,2,776,0.029,ปกติ
EG0333,2026-09-23,11:30,GYM01,Burapha Fitness,BIKE05,จักรยานปั่น,30,75.1,91.9,0.046,2,490,0.021,ปกติ
EG0450,2026-09-23,11:30,GYM01,Burapha Fitness,ELLIP04,เครื่อง Elliptical,16,40.8,59.8,0.016,1,122,0.007,ปกติ
EG0843,2026-09-23,13:00,GYM01,Burapha Fitness,TREAD01,ลู่วิ่ง,41,55.0,83.3,0.057,2,830,0.026,ปกติ
EG0004,2026-09-23,13:15,GYM02,Chonburi Active,ROW07,เครื่องพาย,43,64.4,98.5,0.071,1,280,0.032,ปกติ
EG0077,2026-09-23,13:15,GYM03,Bangkok Fit Lab,TREAD04,ลู่วิ่ง,29,54.3,83.3,0.04,1,193,0.018,ปกติ
EG0409,2026-09-23,14:15,GYM03,Bangkok Fit Lab,ELLIP02,เครื่อง Elliptical,33,52.7,67.0,0.037,2,645,0.017,ปกติ
EG0815,2026-09-23,14:30,GYM03,Bangkok Fit Lab,BIKE06,จักรยานปั่น,24,57.8,66.3,0.027,1,257,0.012,ปกติ
EG0523,2026-09-23,15:00,GYM03,Bangkok Fit Lab,TREAD04,ลู่วิ่ง,59,46.9,79.6,0.078,2,1015,0.035,ปกติ
EG0304,2026-09-23,15:15,GYM02,Chonburi Active,ELLIP04,เครื่อง Elliptical,43,78.8,118.7,0.085,1,309,0.038,ปกติ
EG0229,2026-09-23,15:30,GYM03,Bangkok Fit Lab,STEP04,เครื่อง Stepper,50,56.2,72.8,0.061,2,823,0.027,ปกติ
EG0630,2026-09-23,15:45,GYM01,Burapha Fitness,TREAD07,ลู่วิ่ง,50,37.2,50.1,0.042,1,272,0.019,ปกติ
EG0527,2026-09-23,16:15,GYM02,Chonburi Active,TREAD04,ลู่วิ่ง,29,83.9,144.8,0.07,2,504,0.032,ปกติ
EG0390,2026-09-23,16:45,GYM03,Bangkok Fit Lab,TREAD01,ลู่วิ่ง,44,59.5,109.9,0.081,2,700,0.036,ปกติ
EG0974,2026-09-23,17:30,GYM01,Burapha Fitness,TREAD09,ลู่วิ่ง,38,63.4,110.2,0.07,2,438,0.032,ปกติ
EG0185,2026-09-23,18:30,GYM01,Burapha Fitness,BIKE04,จักรยานปั่น,18,59.4,68.8,0.021,1,148,0.009,ปกติ
EG0484,2026-09-23,19:00,GYM02,Chonburi Active,BIKE07,จักรยานปั่น,34,55.4,67.9,0.038,2,554,0.017,ปกติ
EG0693,2026-09-23,20:00,GYM02,Chonburi Active,TREAD07,ลู่วิ่ง,54,52.3,90.5,0.081,2,852,0.036,ปกติ
EG0934,2026-09-23,20:45,GYM02,Chonburi Active,ELLIP02,เครื่อง Elliptical,20,36.9,56.3,0.019,1,143,0.009,ปกติ
EG0702,2026-09-23,21:15,GYM01,Burapha Fitness,TREAD07,ลู่วิ่ง,24,50.4,94.8,0.038,1,197,0.017,ปกติ
EG0233,2026-09-23,21:30,GYM02,Chonburi Active,BIKE08,จักรยานปั่น,53,51.8,65.0,0.057,1,395,0.026,ปกติ
EG0880,2026-09-24,06:00,GYM01,Burapha Fitness,ELLIP07,เครื่อง Elliptical,37,83.1,118.6,0.073,2,593,0.033,ปกติ
EG0173,2026-09-24,06:15,GYM02,Chonburi Active,ELLIP06,เครื่อง Elliptical,52,48.3,52.1,0.045,2,668,0.02,ปกติ
EG0910,2026-09-24,06:15,GYM02,Chonburi Active,BIKE06,จักรยานปั่น,47,57.4,60.7,0.048,1,463,0.022,ปกติ
EG0278,2026-09-24,08:45,GYM02,Chonburi Active,STEP08,เครื่อง Stepper,56,72.2,96.7,0.09,1,396,0.04,ปกติ
EG0289,2026-09-24,09:00,GYM01,Burapha Fitness,BIKE07,จักรยานปั่น,33,77.0,96.3,0.053,1,290,0.024,ปกติ
EG0036,2026-09-24,09:30,GYM03,Bangkok Fit Lab,ELLIP04,เครื่อง Elliptical,38,54.4,87.9,0.056,1,285,0.025,ปกติ
EG0449,2026-09-24,09:30,GYM02,Chonburi Active,STEP06,เครื่อง Stepper,40,79.8,106.3,0.071,2,727,0.032,ปกติ
EG0933,2026-09-24,09:30,GYM03,Bangkok Fit Lab,ELLIP09,เครื่อง Elliptical,31,39.6,56.1,0.029,1,228,0.013,ปกติ
EG0993,2026-09-24,09:45,GYM01,Burapha Fitness,ELLIP04,เครื่อง Elliptical,30,79.5,136.5,0.068,1,225,0.031,ปกติ
EG0586,2026-09-24,10:45,GYM01,Burapha Fitness,BIKE04,จักรยานปั่น,37,71.5,81.0,0.05,1,278,0.023,ปกติ
EG0323,2026-09-24,11:00,GYM02,Chonburi Active,STEP03,เครื่อง Stepper,15,64.4,95.5,0.024,2,211,0.011,ปกติ
EG0749,2026-09-24,11:15,GYM03,Bangkok Fit Lab,ROW06,เครื่องพาย,29,86.2,136.4,0.066,1,219,0.03,ปกติ
EG0039,2026-09-24,11:30,GYM02,Chonburi Active,BIKE03,จักรยานปั่น,36,54.7,82.2,0.049,2,513,0.022,ต้องตรวจสอบ
EG0059,2026-09-24,12:00,GYM01,Burapha Fitness,TREAD05,ลู่วิ่ง,20,73.0,116.7,0.039,2,361,0.018,ปกติ
EG0426,2026-09-24,12:15,GYM02,Chonburi Active,STEP03,เครื่อง Stepper,56,51.4,71.3,0.067,2,780,0.03,ปกติ
EG0007,2026-09-24,12:30,GYM01,Burapha Fitness,ELLIP07,เครื่อง Elliptical,38,71.9,94.5,0.06,2,514,0.027,ปกติ
EG0703,2026-09-24,12:30,GYM01,Burapha Fitness,TREAD05,ลู่วิ่ง,53,81.9,134.3,0.119,1,369,0.054,ปกติ
EG0386,2026-09-24,13:15,GYM03,Bangkok Fit Lab,TREAD10,ลู่วิ่ง,45,87.1,136.2,0.102,1,378,0.046,ปกติ
EG0520,2026-09-24,13:30,GYM01,Burapha Fitness,STEP03,เครื่อง Stepper,46,57.8,87.7,0.067,1,272,0.03,ปกติ
EG0080,2026-09-24,13:45,GYM01,Burapha Fitness,STEP07,เครื่อง Stepper,36,74.2,112.0,0.067,2,622,0.03,ปกติ
EG0774,2026-09-24,14:45,GYM02,Chonburi Active,STEP08,เครื่อง Stepper,30,60.1,81.0,0.04,1,186,0.018,ปกติ
EG0785,2026-09-24,16:15,GYM01,Burapha Fitness,ELLIP01,เครื่อง Elliptical,33,71.9,102.0,0.056,1,332,0.025,ปกติ
EG0416,2026-09-24,16:30,GYM02,Chonburi Active,STEP09,เครื่อง Stepper,20,59.2,76.5,0.026,1,151,0.012,ต้องตรวจสอบ
EG0177,2026-09-24,16:45,GYM02,Chonburi Active,ROW05,เครื่องพาย,51,57.0,89.6,0.076,1,452,0.034,ปกติ
EG0020,2026-09-24,17:15,GYM01,Burapha Fitness,BIKE05,จักรยานปั่น,55,71.9,85.6,0.078,1,455,0.035,ปกติ
EG0134,2026-09-24,17:45,GYM01,Burapha Fitness,BIKE01,จักรยานปั่น,48,71.6,83.5,0.067,2,679,0.03,ปกติ
EG0555,2026-09-24,18:00,GYM03,Bangkok Fit Lab,BIKE06,จักรยานปั่น,43,37.8,44.9,0.032,1,337,0.014,ปกติ
EG0152,2026-09-24,18:15,GYM01,Burapha Fitness,ROW04,เครื่องพาย,52,65.9,101.4,0.088,1,407,0.04,ปกติ
EG0863,2026-09-24,18:15,GYM02,Chonburi Active,BIKE10,จักรยานปั่น,43,70.3,76.8,0.055,1,280,0.025,ปกติ
EG0047,2026-09-24,18:30,GYM01,Burapha Fitness,BIKE09,จักรยานปั่น,41,48.4,60.9,0.042,2,714,0.019,ปกติ
EG0480,2026-09-24,19:15,GYM02,Chonburi Active,TREAD03,ลู่วิ่ง,20,81.1,139.7,0.047,1,178,0.021,ปกติ
EG0743,2026-09-24,19:15,GYM03,Bangkok Fit Lab,ROW10,เครื่องพาย,27,70.4,117.7,0.053,1,160,0.024,ปกติ
EG0740,2026-09-24,20:00,GYM02,Chonburi Active,TREAD05,ลู่วิ่ง,48,60.6,100.1,0.08,1,294,0.036,ปกติ
EG0991,2026-09-24,20:00,GYM03,Bangkok Fit Lab,ROW05,เครื่องพาย,17,63.9,100.1,0.028,2,276,0.013,ปกติ
EG0369,2026-09-24,21:00,GYM01,Burapha Fitness,BIKE02,จักรยานปั่น,59,63.0,70.5,0.069,1,344,0.031,ปกติ
EG0115,2026-09-24,21:15,GYM02,Chonburi Active,ELLIP01,เครื่อง Elliptical,23,49.1,72.9,0.028,1,198,0.013,ปกติ
EG0581,2026-09-24,21:15,GYM02,Chonburi Active,BIKE09,จักรยานปั่น,46,39.8,45.1,0.035,1,304,0.016,ปกติ
EG0784,2026-09-24,21:15,GYM01,Burapha Fitness,ELLIP09,เครื่อง Elliptical,20,59.9,97.6,0.033,2,340,0.015,ปกติ
EG0013,2026-09-25,06:00,GYM03,Bangkok Fit Lab,STEP10,เครื่อง Stepper,43,68.9,86.5,0.062,1,270,0.028,ปกติ
EG0879,2026-09-25,06:15,GYM01,Burapha Fitness,TREAD07,ลู่วิ่ง,45,62.1,108.6,0.081,2,638,0.036,ปกติ
EG0504,2026-09-25,06:45,GYM03,Bangkok Fit Lab,TREAD06,ลู่วิ่ง,21,53.9,92.5,0.032,2,366,0.014,ปกติ
EG0049,2026-09-25,07:15,GYM02,Chonburi Active,STEP01,เครื่อง Stepper,34,74.9,106.8,0.061,2,612,0.027,ปกติ
EG0251,2026-09-25,07:30,GYM01,Burapha Fitness,ROW07,เครื่องพาย,17,55.0,84.3,0.024,1,146,0.011,ปกติ
EG0066,2026-09-25,07:45,GYM02,Chonburi Active,ROW10,เครื่องพาย,20,75.6,96.5,0.032,1,164,0.014,ปกติ
EG0074,2026-09-25,07:45,GYM03,Bangkok Fit Lab,BIKE08,จักรยานปั่น,40,91.8,119.6,0.08,2,636,0.036,ปกติ
EG0938,2026-09-25,07:45,GYM03,Bangkok Fit Lab,ROW09,เครื่องพาย,16,60.5,110.4,0.029,1,126,0.013,ปกติ
EG0026,2026-09-25,08:00,GYM03,Bangkok Fit Lab,TREAD04,ลู่วิ่ง,41,63.0,95.4,0.065,2,643,0.029,ปกติ
EG0393,2026-09-25,08:15,GYM02,Chonburi Active,BIKE04,จักรยานปั่น,23,77.4,88.2,0.034,2,314,0.015,ปกติ
EG0531,2026-09-25,08:45,GYM03,Bangkok Fit Lab,TREAD06,ลู่วิ่ง,25,63.8,113.5,0.047,2,387,0.021,ปกติ
EG0701,2026-09-25,08:45,GYM02,Chonburi Active,STEP04,เครื่อง Stepper,44,47.2,61.8,0.045,1,393,0.02,ปกติ
EG0165,2026-09-25,10:15,GYM01,Burapha Fitness,BIKE07,จักรยานปั่น,42,53.4,72.9,0.051,2,628,0.023,ปกติ
EG0303,2026-09-25,10:15,GYM02,Chonburi Active,BIKE06,จักรยานปั่น,15,52.4,62.3,0.016,1,104,0.007,ปกติ
EG0623,2026-09-25,10:45,GYM02,Chonburi Active,ELLIP01,เครื่อง Elliptical,44,64.0,87.2,0.064,2,718,0.029,ปกติ
EG0384,2026-09-25,12:00,GYM03,Bangkok Fit Lab,BIKE03,จักรยานปั่น,18,51.3,69.7,0.021,2,230,0.009,ปกติ
EG0410,2026-09-25,12:30,GYM01,Burapha Fitness,STEP09,เครื่อง Stepper,58,54.1,75.2,0.073,1,392,0.033,ต้องตรวจสอบ
EG0104,2026-09-25,12:45,GYM02,Chonburi Active,STEP03,เครื่อง Stepper,52,75.6,109.3,0.095,2,863,0.043,ปกติ
EG0670,2026-09-25,13:00,GYM01,Burapha Fitness,ROW10,เครื่องพาย,31,34.4,59.1,0.031,1,266,0.014,ปกติ
EG0735,2026-09-25,13:15,GYM02,Chonburi Active,BIKE06,จักรยานปั่น,15,62.2,84.1,0.021,1,101,0.009,ปกติ
EG0428,2026-09-25,14:15,GYM03,Bangkok Fit Lab,STEP08,เครื่อง Stepper,36,57.8,80.9,0.049,1,216,0.022,ปกติ
EG0151,2026-09-25,15:30,GYM03,Bangkok Fit Lab,ELLIP05,เครื่อง Elliptical,24,61.9,99.0,0.04,1,130,0.018,ปกติ
EG0344,2026-09-25,17:30,GYM02,Chonburi Active,ROW07,เครื่องพาย,21,66.7,105.4,0.037,1,191,0.017,ปกติ
EG0247,2026-09-25,17:45,GYM02,Chonburi Active,BIKE05,จักรยานปั่น,31,63.9,93.4,0.048,2,524,0.022,ปกติ
EG0544,2026-09-25,18:15,GYM02,Chonburi Active,BIKE10,จักรยานปั่น,29,76.4,87.8,0.042,1,287,0.019,ปกติ
EG0270,2026-09-25,18:45,GYM01,Burapha Fitness,TREAD02,ลู่วิ่ง,32,60.2,97.9,0.052,1,231,0.023,ปกติ
EG0995,2026-09-25,18:45,GYM02,Chonburi Active,ROW05,เครื่องพาย,49,79.9,113.4,0.093,1,406,0.042,ปกติ
EG0704,2026-09-25,19:00,GYM01,Burapha Fitness,TREAD06,ลู่วิ่ง,42,62.4,89.8,0.063,1,306,0.028,ปกติ
EG0063,2026-09-25,21:45,GYM03,Bangkok Fit Lab,ROW08,เครื่องพาย,23,59.4,97.5,0.037,2,433,0.017,ปกติ
EG0338,2026-09-25,21:45,GYM03,Bangkok Fit Lab,ELLIP10,เครื่อง Elliptical,43,60.9,87.2,0.062,2,762,0.028,ต้องตรวจสอบ
EG0146,2026-09-26,06:15,GYM01,Burapha Fitness,STEP01,เครื่อง Stepper,33,54.1,72.7,0.04,2,430,0.018,ต้องตรวจสอบ
EG0024,2026-09-26,06:30,GYM02,Chonburi Active,STEP10,เครื่อง Stepper,34,53.7,76.8,0.044,1,284,0.02,ปกติ
EG0881,2026-09-26,08:00,GYM01,Burapha Fitness,ELLIP02,เครื่อง Elliptical,44,45.9,53.0,0.039,2,794,0.018,ปกติ
EG0620,2026-09-26,08:15,GYM03,Bangkok Fit Lab,ROW10,เครื่องพาย,17,61.5,96.2,0.027,1,133,0.012,ต้องตรวจสอบ
EG0128,2026-09-26,09:00,GYM03,Bangkok Fit Lab,TREAD01,ลู่วิ่ง,37,56.7,95.0,0.059,1,276,0.027,ปกติ
EG0254,2026-09-26,09:00,GYM01,Burapha Fitness,BIKE09,จักรยานปั่น,23,61.4,78.1,0.03,1,161,0.014,ปกติ
EG0290,2026-09-26,10:45,GYM02,Chonburi Active,BIKE04,จักรยานปั่น,29,59.2,70.4,0.034,2,393,0.015,ปกติ
EG0914,2026-09-26,10:45,GYM02,Chonburi Active,TREAD02,ลู่วิ่ง,35,45.6,72.3,0.042,2,503,0.019,ปกติ
EG0733,2026-09-26,12:00,GYM02,Chonburi Active,TREAD09,ลู่วิ่ง,37,36.4,52.7,0.032,2,684,0.014,ปกติ
EG0920,2026-09-26,13:00,GYM01,Burapha Fitness,TREAD01,ลู่วิ่ง,51,60.6,103.5,0.088,1,361,0.04,ต้องตรวจสอบ
EG0057,2026-09-26,13:15,GYM01,Burapha Fitness,ROW08,เครื่องพาย,36,67.2,100.6,0.06,2,382,0.027,ปกติ
EG0569,2026-09-26,13:15,GYM03,Bangkok Fit Lab,ELLIP08,เครื่อง Elliptical,42,44.7,65.1,0.046,1,271,0.021,ปกติ
EG0285,2026-09-26,13:45,GYM02,Chonburi Active,TREAD06,ลู่วิ่ง,42,81.7,133.1,0.093,1,377,0.042,ปกติ
EG0148,2026-09-26,14:15,GYM02,Chonburi Active,ELLIP04,เครื่อง Elliptical,27,62.4,86.4,0.039,2,433,0.018,ปกติ
EG0537,2026-09-26,15:15,GYM03,Bangkok Fit Lab,BIKE03,จักรยานปั่น,52,62.9,72.9,0.063,1,383,0.028,ปกติ
EG0808,2026-09-26,15:15,GYM03,Bangkok Fit Lab,BIKE08,จักรยานปั่น,52,57.6,62.5,0.054,1,460,0.024,ปกติ
EG0651,2026-09-26,15:45,GYM01,Burapha Fitness,BIKE03,จักรยานปั่น,59,32.6,42.9,0.042,2,1029,0.019,ปกติ
EG0718,2026-09-26,16:00,GYM03,Bangkok Fit Lab,ELLIP02,เครื่อง Elliptical,36,38.8,50.2,0.03,1,271,0.014,ปกติ
EG0791,2026-09-26,16:00,GYM01,Burapha Fitness,BIKE06,จักรยานปั่น,53,55.0,64.9,0.057,2,939,0.026,ปกติ
EG0301,2026-09-26,17:00,GYM01,Burapha Fitness,BIKE04,จักรยานปั่น,54,54.8,74.0,0.067,2,770,0.03,ปกติ
EG0045,2026-09-26,17:30,GYM01,Burapha Fitness,STEP02,เครื่อง Stepper,52,90.9,124.2,0.108,1,371,0.049,ปกติ
EG0337,2026-09-26,17:30,GYM03,Bangkok Fit Lab,BIKE06,จักรยานปั่น,15,77.1,94.5,0.024,1,97,0.011,ปกติ
EG0927,2026-09-26,17:45,GYM01,Burapha Fitness,ELLIP03,เครื่อง Elliptical,35,59.6,82.5,0.048,2,583,0.022,ปกติ
EG0085,2026-09-26,18:00,GYM01,Burapha Fitness,STEP01,เครื่อง Stepper,59,59.1,73.5,0.072,1,396,0.032,ปกติ
EG0388,2026-09-26,18:00,GYM01,Burapha Fitness,BIKE06,จักรยานปั่น,46,39.9,40.3,0.031,2,784,0.014,ปกติ
EG0617,2026-09-26,18:15,GYM01,Burapha Fitness,STEP06,เครื่อง Stepper,34,46.7,68.4,0.039,2,603,0.018,ปกติ
EG0051,2026-09-26,18:30,GYM03,Bangkok Fit Lab,STEP07,เครื่อง Stepper,33,60.3,98.3,0.054,1,253,0.024,ปกติ
EG0696,2026-09-26,18:30,GYM02,Chonburi Active,BIKE05,จักรยานปั่น,54,52.7,71.2,0.064,2,891,0.029,ปกติ
EG0495,2026-09-26,19:45,GYM02,Chonburi Active,ELLIP09,เครื่อง Elliptical,49,69.3,87.2,0.071,2,579,0.032,ปกติ
EG0850,2026-09-26,20:00,GYM02,Chonburi Active,ELLIP02,เครื่อง Elliptical,27,68.8,92.9,0.042,2,405,0.019,ปกติ
EG0242,2026-09-26,21:00,GYM03,Bangkok Fit Lab,ROW03,เครื่องพาย,36,60.1,94.9,0.057,1,242,0.026,ปกติ
EG0842,2026-09-27,07:15,GYM02,Chonburi Active,TREAD07,ลู่วิ่ง,22,54.3,88.8,0.033,1,173,0.015,ปกติ
EG0894,2026-09-27,08:00,GYM02,Chonburi Active,BIKE05,จักรยานปั่น,47,36.6,40.7,0.032,1,416,0.014,ปกติ
EG0763,2026-09-27,08:15,GYM01,Burapha Fitness,BIKE07,จักรยานปั่น,32,63.0,85.4,0.046,2,563,0.021,ปกติ
EG0434,2026-09-27,08:30,GYM01,Burapha Fitness,ELLIP04,เครื่อง Elliptical,30,89.9,133.4,0.067,1,235,0.03,ปกติ
EG0786,2026-09-27,08:30,GYM03,Bangkok Fit Lab,STEP10,เครื่อง Stepper,27,68.6,91.1,0.041,2,592,0.018,ปกติ
EG0676,2026-09-27,08:45,GYM03,Bangkok Fit Lab,TREAD07,ลู่วิ่ง,25,81.9,129.0,0.054,2,296,0.024,ปกติ
EG0313,2026-09-27,09:30,GYM01,Burapha Fitness,ELLIP02,เครื่อง Elliptical,38,50.5,68.5,0.043,1,363,0.019,ปกติ
EG0734,2026-09-27,10:45,GYM02,Chonburi Active,TREAD10,ลู่วิ่ง,31,60.9,107.5,0.056,1,270,0.025,ปกติ
EG0801,2026-09-27,10:45,GYM03,Bangkok Fit Lab,STEP04,เครื่อง Stepper,42,43.9,55.5,0.039,2,647,0.018,ปกติ
EG0538,2026-09-27,11:15,GYM01,Burapha Fitness,ELLIP08,เครื่อง Elliptical,45,30.0,45.3,0.034,2,667,0.015,ปกติ
EG0204,2026-09-27,12:00,GYM03,Bangkok Fit Lab,TREAD09,ลู่วิ่ง,42,46.5,72.8,0.051,1,388,0.023,ปกติ
EG0945,2026-09-27,12:00,GYM01,Burapha Fitness,ROW01,เครื่องพาย,50,49.5,82.8,0.069,2,896,0.031,ปกติ
EG0364,2026-09-27,12:15,GYM02,Chonburi Active,ELLIP07,เครื่อง Elliptical,26,78.3,120.6,0.052,1,190,0.023,ปกติ
EG0439,2026-09-27,13:00,GYM03,Bangkok Fit Lab,BIKE05,จักรยานปั่น,16,73.4,77.1,0.021,2,254,0.009,ปกติ
EG0031,2026-09-27,14:00,GYM02,Chonburi Active,BIKE10,จักรยานปั่น,48,61.7,72.3,0.058,2,755,0.026,ปกติ
EG0366,2026-09-27,14:15,GYM02,Chonburi Active,BIKE04,จักรยานปั่น,50,66.5,83.1,0.069,1,430,0.031,ปกติ
EG0407,2026-09-27,15:15,GYM02,Chonburi Active,ROW09,เครื่องพาย,49,52.1,86.3,0.07,1,413,0.032,ปกติ
EG0363,2026-09-27,15:45,GYM02,Chonburi Active,ELLIP01,เครื่อง Elliptical,20,94.3,127.7,0.043,2,396,0.019,ปกติ
EG0381,2026-09-27,16:15,GYM01,Burapha Fitness,BIKE10,จักรยานปั่น,17,55.2,64.0,0.018,2,273,0.008,ปกติ
EG0522,2026-09-27,16:45,GYM02,Chonburi Active,STEP05,เครื่อง Stepper,17,60.7,91.2,0.026,1,160,0.012,ปกติ
EG0245,2026-09-27,17:00,GYM01,Burapha Fitness,ROW10,เครื่องพาย,56,47.6,77.2,0.072,1,492,0.032,ปกติ
EG0589,2026-09-27,17:00,GYM01,Burapha Fitness,TREAD01,ลู่วิ่ง,58,62.1,118.2,0.114,2,1074,0.051,ปกติ
EG0936,2026-09-27,17:30,GYM01,Burapha Fitness,ROW07,เครื่องพาย,52,51.9,79.5,0.069,1,313,0.031,ปกติ
EG0166,2026-09-27,17:45,GYM03,Bangkok Fit Lab,ROW08,เครื่องพาย,47,40.4,65.4,0.051,2,824,0.023,ปกติ
EG0968,2026-09-27,17:45,GYM01,Burapha Fitness,TREAD09,ลู่วิ่ง,58,55.5,91.9,0.089,1,442,0.04,ปกติ
EG0120,2026-09-27,19:15,GYM02,Chonburi Active,BIKE05,จักรยานปั่น,31,83.5,102.8,0.053,1,261,0.024,ปกติ
EG0624,2026-09-27,19:30,GYM02,Chonburi Active,STEP02,เครื่อง Stepper,27,87.1,126.8,0.057,1,239,0.026,ปกติ
EG0243,2026-09-27,19:45,GYM03,Bangkok Fit Lab,ROW04,เครื่องพาย,55,57.7,95.4,0.087,1,384,0.039,ปกติ
EG0367,2026-09-27,19:45,GYM03,Bangkok Fit Lab,ROW07,เครื่องพาย,29,81.0,135.9,0.066,1,254,0.03,ปกติ
EG0142,2026-09-27,20:00,GYM01,Burapha Fitness,TREAD08,ลู่วิ่ง,44,56.1,110.3,0.081,1,448,0.036,ปกติ
EG0792,2026-09-27,20:15,GYM02,Chonburi Active,ROW05,เครื่องพาย,22,61.1,103.0,0.038,1,187,0.017,ปกติ
EG0824,2026-09-27,21:00,GYM02,Chonburi Active,ROW07,เครื่องพาย,35,68.9,107.7,0.063,1,206,0.028,ปกติ
EG0796,2026-09-27,21:45,GYM03,Bangkok Fit Lab,BIKE09,จักรยานปั่น,52,86.0,104.6,0.091,1,365,0.041,ปกติ
EG0194,2026-09-28,06:00,GYM02,Chonburi Active,ELLIP10,เครื่อง Elliptical,17,33.0,59.9,0.017,2,271,0.008,ปกติ
EG0288,2026-09-28,06:00,GYM02,Chonburi Active,TREAD10,ลู่วิ่ง,53,75.9,133.6,0.118,1,465,0.053,ปกติ
EG0619,2026-09-28,06:30,GYM03,Bangkok Fit Lab,ELLIP09,เครื่อง Elliptical,52,94.7,146.8,0.127,1,486,0.057,ต้องตรวจสอบ
EG0178,2026-09-28,07:00,GYM02,Chonburi Active,BIKE07,จักรยานปั่น,29,65.8,88.5,0.043,2,330,0.019,ปกติ
EG0812,2026-09-28,07:45,GYM03,Bangkok Fit Lab,ROW05,เครื่องพาย,28,74.0,121.4,0.057,2,401,0.026,ปกติ
EG0541,2026-09-28,08:00,GYM03,Bangkok Fit Lab,ELLIP10,เครื่อง Elliptical,46,79.4,110.0,0.084,2,377,0.038,ปกติ
EG0907,2026-09-28,08:15,GYM03,Bangkok Fit Lab,STEP10,เครื่อง Stepper,57,54.5,77.2,0.073,2,906,0.033,ปกติ
EG0324,2026-09-28,09:15,GYM01,Burapha Fitness,BIKE06,จักรยานปั่น,31,77.8,98.6,0.051,2,660,0.023,ปกติ
EG0672,2026-09-28,10:00,GYM03,Bangkok Fit Lab,STEP07,เครื่อง Stepper,44,62.6,94.8,0.07,1,268,0.032,ปกติ
EG0411,2026-09-28,10:15,GYM01,Burapha Fitness,BIKE02,จักรยานปั่น,43,82.5,95.8,0.069,2,672,0.031,ปกติ
EG0283,2026-09-28,10:45,GYM02,Chonburi Active,ELLIP10,เครื่อง Elliptical,23,71.1,105.3,0.04,1,185,0.018,ปกติ
EG0260,2026-09-28,11:15,GYM01,Burapha Fitness,ELLIP02,เครื่อง Elliptical,60,63.6,87.7,0.088,2,902,0.04,ปกติ
EG0757,2026-09-28,11:30,GYM02,Chonburi Active,STEP04,เครื่อง Stepper,23,67.2,97.7,0.037,1,181,0.017,ปกติ
EG0084,2026-09-28,11:45,GYM01,Burapha Fitness,STEP01,เครื่อง Stepper,39,69.9,84.4,0.055,1,393,0.025,ปกติ
EG0005,2026-09-28,12:15,GYM01,Burapha Fitness,ROW04,เครื่องพาย,34,75.1,112.8,0.064,2,521,0.029,ปกติ
EG0268,2026-09-28,12:30,GYM03,Bangkok Fit Lab,TREAD07,ลู่วิ่ง,20,53.5,98.8,0.033,2,327,0.015,ปกติ
EG0356,2026-09-28,12:45,GYM02,Chonburi Active,STEP02,เครื่อง Stepper,44,60.9,89.6,0.066,2,791,0.03,ปกติ
EG0001,2026-09-28,13:00,GYM02,Chonburi Active,BIKE07,จักรยานปั่น,28,51.5,57.5,0.027,1,256,0.012,ปกติ
EG0140,2026-09-28,13:00,GYM03,Bangkok Fit Lab,ELLIP10,เครื่อง Elliptical,30,72.5,109.2,0.055,2,462,0.025,ปกติ
EG0947,2026-09-28,13:15,GYM01,Burapha Fitness,TREAD08,ลู่วิ่ง,46,80.8,143.8,0.11,2,681,0.05,ปกติ
EG0408,2026-09-28,13:45,GYM01,Burapha Fitness,ROW04,เครื่องพาย,51,60.4,111.5,0.095,2,826,0.043,ปกติ
EG0725,2026-09-28,13:45,GYM02,Chonburi Active,ELLIP07,เครื่อง Elliptical,19,59.4,91.4,0.029,1,157,0.013,ปกติ
EG0744,2026-09-28,14:30,GYM02,Chonburi Active,BIKE07,จักรยานปั่น,39,69.6,83.6,0.054,2,476,0.024,ปกติ
EG0862,2026-09-28,14:45,GYM02,Chonburi Active,ELLIP05,เครื่อง Elliptical,46,74.7,118.0,0.09,2,592,0.04,ปกติ
EG0330,2026-09-28,15:15,GYM01,Burapha Fitness,TREAD04,ลู่วิ่ง,57,73.2,127.5,0.121,1,424,0.054,ปกติ
EG0645,2026-09-28,15:30,GYM01,Burapha Fitness,BIKE07,จักรยานปั่น,34,75.7,87.2,0.049,1,259,0.022,ปกติ
EG0819,2026-09-28,15:30,GYM01,Burapha Fitness,ELLIP10,เครื่อง Elliptical,43,60.4,88.3,0.063,2,519,0.028,ปกติ
EG0567,2026-09-28,16:15,GYM02,Chonburi Active,ELLIP04,เครื่อง Elliptical,60,68.0,89.7,0.09,1,522,0.04,ปกติ
EG0210,2026-09-28,16:45,GYM01,Burapha Fitness,STEP03,เครื่อง Stepper,33,67.4,95.6,0.053,1,287,0.024,ปกติ
EG0511,2026-09-28,17:00,GYM02,Chonburi Active,ROW05,เครื่องพาย,25,53.2,77.2,0.032,1,169,0.014,ปกติ
EG0119,2026-09-28,17:15,GYM03,Bangkok Fit Lab,BIKE10,จักรยานปั่น,42,63.1,72.8,0.051,2,554,0.023,ปกติ
EG0179,2026-09-28,17:30,GYM03,Bangkok Fit Lab,ROW02,เครื่องพาย,42,50.4,80.8,0.057,2,537,0.026,ปกติ
EG0215,2026-09-28,17:45,GYM03,Bangkok Fit Lab,ELLIP07,เครื่อง Elliptical,18,79.1,106.9,0.032,2,266,0.014,ปกติ
EG0738,2026-09-28,18:45,GYM03,Bangkok Fit Lab,BIKE05,จักรยานปั่น,56,51.0,57.9,0.054,2,905,0.024,ปกติ
EG0759,2026-09-28,18:45,GYM03,Bangkok Fit Lab,BIKE03,จักรยานปั่น,34,67.2,90.2,0.051,2,486,0.023,ปกติ
EG0706,2026-09-28,19:15,GYM03,Bangkok Fit Lab,BIKE03,จักรยานปั่น,27,63.4,81.5,0.037,2,493,0.017,ปกติ
EG0875,2026-09-28,20:00,GYM01,Burapha Fitness,ROW07,เครื่องพาย,29,73.2,119.1,0.058,1,205,0.026,ปกติ
EG0401,2026-09-28,20:15,GYM01,Burapha Fitness,BIKE09,จักรยานปั่น,23,60.6,92.6,0.035,2,319,0.016,ปกติ
EG0441,2026-09-28,20:15,GYM01,Burapha Fitness,STEP08,เครื่อง Stepper,44,74.0,102.6,0.075,1,403,0.034,ปกติ
EG0510,2026-09-28,20:15,GYM03,Bangkok Fit Lab,ROW10,เครื่องพาย,22,59.6,95.5,0.035,1,134,0.016,ปกติ
EG0147,2026-09-28,20:30,GYM02,Chonburi Active,ROW03,เครื่องพาย,50,76.8,127.9,0.107,2,803,0.048,ปกติ
EG0720,2026-09-28,20:45,GYM03,Bangkok Fit Lab,BIKE06,จักรยานปั่น,45,76.3,89.0,0.067,1,418,0.03,ปกติ
EG0887,2026-09-28,21:00,GYM02,Chonburi Active,BIKE07,จักรยานปั่น,25,55.4,68.4,0.029,2,405,0.013,ปกติ
EG0240,2026-09-28,21:15,GYM01,Burapha Fitness,BIKE09,จักรยานปั่น,49,68.9,94.3,0.077,1,326,0.035,ปกติ
EG0872,2026-09-29,06:30,GYM01,Burapha Fitness,BIKE07,จักรยานปั่น,31,51.4,60.3,0.031,1,253,0.014,ปกติ
EG0822,2026-09-29,06:45,GYM01,Burapha Fitness,BIKE02,จักรยานปั่น,55,61.0,70.7,0.065,1,328,0.029,ปกติ
EG0545,2026-09-29,07:00,GYM02,Chonburi Active,STEP07,เครื่อง Stepper,57,31.4,51.8,0.049,1,507,0.022,ปกติ
EG0067,2026-09-29,07:15,GYM01,Burapha Fitness,BIKE08,จักรยานปั่น,55,66.4,73.6,0.067,2,1113,0.03,ปกติ
EG0474,2026-09-29,07:45,GYM03,Bangkok Fit Lab,TREAD05,ลู่วิ่ง,53,58.8,96.4,0.085,1,358,0.038,ปกติ
EG0613,2026-09-29,08:00,GYM02,Chonburi Active,ELLIP05,เครื่อง Elliptical,57,76.2,96.1,0.091,1,470,0.041,ปกติ
EG0452,2026-09-29,11:00,GYM02,Chonburi Active,ELLIP09,เครื่อง Elliptical,40,55.0,70.0,0.047,2,540,0.021,ปกติ
EG0864,2026-09-29,11:00,GYM02,Chonburi Active,ELLIP08,เครื่อง Elliptical,60,67.8,107.7,0.108,2,1080,0.049,ปกติ
EG0472,2026-09-29,11:30,GYM03,Bangkok Fit Lab,ROW06,เครื่องพาย,36,44.8,60.9,0.037,2,602,0.017,ปกติ
EG0534,2026-09-29,11:30,GYM02,Chonburi Active,BIKE04,จักรยานปั่น,44,63.3,66.1,0.048,2,762,0.022,ปกติ
EG0755,2026-09-29,12:15,GYM01,Burapha Fitness,STEP07,เครื่อง Stepper,31,60.4,82.6,0.043,2,557,0.019,ปกติ
EG0082,2026-09-29,12:45,GYM02,Chonburi Active,BIKE08,จักรยานปั่น,48,80.3,92.9,0.074,1,392,0.033,ปกติ
EG0111,2026-09-29,13:00,GYM01,Burapha Fitness,ROW06,เครื่องพาย,42,80.2,149.0,0.104,2,735,0.047,ปกติ
EG0609,2026-09-29,13:00,GYM02,Chonburi Active,BIKE09,จักรยานปั่น,60,57.8,72.6,0.073,1,512,0.033,ปกติ
EG0802,2026-09-29,13:00,GYM01,Burapha Fitness,ROW01,เครื่องพาย,17,75.5,125.6,0.036,1,128,0.016,ปกติ
EG0978,2026-09-29,13:30,GYM01,Burapha Fitness,TREAD05,ลู่วิ่ง,48,59.8,101.1,0.081,1,307,0.036,ปกติ
EG0317,2026-09-29,14:15,GYM02,Chonburi Active,TREAD04,ลู่วิ่ง,27,48.8,83.3,0.037,2,566,0.017,ปกติ
EG0973,2026-09-29,14:15,GYM03,Bangkok Fit Lab,BIKE03,จักรยานปั่น,45,62.4,74.1,0.056,1,414,0.025,ปกติ
EG0259,2026-09-29,14:45,GYM02,Chonburi Active,BIKE03,จักรยานปั่น,46,75.0,82.2,0.063,2,490,0.028,ปกติ
EG0657,2026-09-29,15:30,GYM01,Burapha Fitness,ELLIP03,เครื่อง Elliptical,34,37.5,53.0,0.03,1,299,0.014,ปกติ
EG0809,2026-09-29,15:30,GYM02,Chonburi Active,BIKE06,จักรยานปั่น,22,76.6,97.7,0.036,2,411,0.016,ปกติ
EG0143,2026-09-29,16:15,GYM02,Chonburi Active,ELLIP01,เครื่อง Elliptical,24,54.5,78.6,0.031,2,326,0.014,ปกติ
EG0261,2026-09-29,16:30,GYM02,Chonburi Active,BIKE03,จักรยานปั่น,37,82.1,80.2,0.049,2,659,0.022,ปกติ
EG0445,2026-09-29,16:30,GYM03,Bangkok Fit Lab,STEP08,เครื่อง Stepper,25,64.5,92.9,0.039,2,374,0.018,ปกติ
EG0419,2026-09-29,17:45,GYM02,Chonburi Active,TREAD10,ลู่วิ่ง,30,61.2,101.0,0.05,2,516,0.023,ปกติ
EG0679,2026-09-29,17:45,GYM03,Bangkok Fit Lab,BIKE06,จักรยานปั่น,58,63.9,80.9,0.078,2,858,0.035,ต้องตรวจสอบ
EG0497,2026-09-29,18:45,GYM02,Chonburi Active,ELLIP07,เครื่อง Elliptical,19,50.2,73.9,0.023,1,127,0.01,ปกติ
EG0081,2026-09-29,19:45,GYM03,Bangkok Fit Lab,ROW06,เครื่องพาย,50,49.3,75.3,0.063,2,880,0.028,ปกติ
EG0558,2026-09-29,19:45,GYM01,Burapha Fitness,TREAD06,ลู่วิ่ง,16,60.7,97.6,0.026,1,123,0.012,ปกติ
EG0505,2026-09-29,21:15,GYM02,Chonburi Active,TREAD10,ลู่วิ่ง,54,49.3,87.6,0.079,2,870,0.036,ปกติ
EG0627,2026-09-30,06:00,GYM02,Chonburi Active,BIKE10,จักรยานปั่น,51,56.8,66.7,0.057,1,412,0.026,ปกติ
EG0563,2026-09-30,06:15,GYM01,Burapha Fitness,ROW01,เครื่องพาย,33,60.0,103.1,0.057,1,292,0.026,ปกติ
EG0994,2026-09-30,06:30,GYM02,Chonburi Active,BIKE08,จักรยานปั่น,29,60.6,73.2,0.035,1,252,0.016,ปกติ
EG0256,2026-09-30,07:00,GYM02,Chonburi Active,TREAD02,ลู่วิ่ง,51,59.2,102.3,0.087,2,687,0.039,ปกติ
EG0985,2026-09-30,08:30,GYM03,Bangkok Fit Lab,BIKE09,จักรยานปั่น,54,52.0,65.5,0.059,2,954,0.027,ปกติ
EG0376,2026-09-30,09:15,GYM01,Burapha Fitness,STEP02,เครื่อง Stepper,43,94.5,139.5,0.1,2,618,0.045,ปกติ
EG0578,2026-09-30,09:15,GYM03,Bangkok Fit Lab,ELLIP05,เครื่อง Elliptical,39,87.1,133.9,0.087,2,667,0.039,ปกติ
EG0996,2026-09-30,09:30,GYM01,Burapha Fitness,ELLIP10,เครื่อง Elliptical,26,57.9,91.0,0.039,2,424,0.018,ปกติ
EG0638,2026-09-30,10:45,GYM01,Burapha Fitness,BIKE04,จักรยานปั่น,34,52.6,73.4,0.042,1,242,0.019,ปกติ
EG0311,2026-09-30,11:30,GYM02,Chonburi Active,BIKE03,จักรยานปั่น,43,60.5,69.6,0.05,1,351,0.023,ปกติ
EG0764,2026-09-30,11:45,GYM03,Bangkok Fit Lab,TREAD03,ลู่วิ่ง,27,75.7,130.1,0.059,2,405,0.027,ปกติ
EG0683,2026-09-30,12:15,GYM01,Burapha Fitness,ELLIP03,เครื่อง Elliptical,38,60.2,102.9,0.065,1,311,0.029,ปกติ
EG0719,2026-09-30,13:00,GYM01,Burapha Fitness,STEP08,เครื่อง Stepper,16,74.1,100.5,0.027,1,141,0.012,ปกติ
EG0783,2026-09-30,14:00,GYM01,Burapha Fitness,TREAD02,ลู่วิ่ง,51,66.2,111.0,0.094,1,423,0.042,ปกติ
EG0932,2026-09-30,14:00,GYM03,Bangkok Fit Lab,ELLIP02,เครื่อง Elliptical,42,44.2,57.4,0.04,2,573,0.018,ปกติ
EG0379,2026-09-30,14:15,GYM03,Bangkok Fit Lab,TREAD04,ลู่วิ่ง,17,43.6,79.9,0.023,1,179,0.01,ปกติ
EG0699,2026-09-30,14:15,GYM01,Burapha Fitness,STEP05,เครื่อง Stepper,22,65.8,95.5,0.035,2,293,0.016,ปกติ
EG0220,2026-09-30,14:30,GYM03,Bangkok Fit Lab,BIKE01,จักรยานปั่น,39,57.7,69.9,0.045,1,297,0.02,ปกติ
EG0153,2026-09-30,15:45,GYM01,Burapha Fitness,ELLIP08,เครื่อง Elliptical,15,65.2,100.3,0.025,2,288,0.011,ปกติ
EG0805,2026-09-30,16:30,GYM02,Chonburi Active,TREAD02,ลู่วิ่ง,30,61.1,121.4,0.061,1,185,0.027,ปกติ
EG0423,2026-09-30,16:45,GYM01,Burapha Fitness,BIKE07,จักรยานปั่น,35,45.9,56.8,0.033,1,290,0.015,ปกติ
EG0291,2026-09-30,17:00,GYM01,Burapha Fitness,TREAD05,ลู่วิ่ง,42,77.5,139.0,0.097,2,640,0.044,ปกติ
EG0453,2026-09-30,17:00,GYM02,Chonburi Active,STEP01,เครื่อง Stepper,37,63.6,94.5,0.058,1,273,0.026,ปกติ
EG0284,2026-09-30,17:30,GYM01,Burapha Fitness,BIKE04,จักรยานปั่น,56,58.7,74.5,0.07,2,1018,0.032,ปกติ
EG0574,2026-09-30,17:45,GYM02,Chonburi Active,STEP10,เครื่อง Stepper,18,74.8,103.6,0.031,2,314,0.014,ปกติ
EG0436,2026-09-30,18:00,GYM03,Bangkok Fit Lab,BIKE08,จักรยานปั่น,54,60.5,73.2,0.066,1,551,0.03,ปกติ
EG0688,2026-09-30,19:15,GYM01,Burapha Fitness,TREAD10,ลู่วิ่ง,34,47.4,73.2,0.041,2,558,0.018,ปกติ
EG0456,2026-09-30,20:15,GYM02,Chonburi Active,STEP02,เครื่อง Stepper,52,48.9,72.9,0.063,2,685,0.028,ต้องตรวจสอบ
EG0255,2026-09-30,20:30,GYM01,Burapha Fitness,ELLIP10,เครื่อง Elliptical,43,68.1,97.3,0.07,1,345,0.032,ปกติ
EG0826,2026-09-30,20:30,GYM03,Bangkok Fit Lab,ELLIP03,เครื่อง Elliptical,53,42.3,60.4,0.053,2,786,0.024,ปกติ
EG0236,2026-09-30,21:45,GYM03,Bangkok Fit Lab,TREAD10,ลู่วิ่ง,35,83.8,131.8,0.077,1,279,0.035,ปกติ
